wavelength,coating,canon,filter,prism
3500,0.7514,0.82668929436988,0.9571940712999999,0.9216
3510,0.7505,0.8291843769038608,0.9514807364000001,0.9216
3520,0.7498999999999999,0.8318223649925958,0.9490738339000001,0.9216
3530,0.7495,0.8328973913999076,0.9523574861999999,0.9216
3540,0.7495,0.834714347730785,0.9541134103000001,0.9216
3550,0.7495999999999999,0.836091787410129,0.9591797468,0.9216
3560,0.75,0.836898515211601,0.954992586,0.9216
3570,0.7506,0.8379015572867211,0.9605058184,0.9216
3580,0.7514,0.8380081534656797,0.9580760857,0.9216
3590,0.7524,0.8379797221453498,0.9580760857,0.9216
3600,0.7519,0.8375787266248592,0.9607270085,0.9216
3610,0.748,0.8374697581933224,0.9571940712999999,0.9216
3620,0.7443000000000001,0.836465217774509,0.9571940712999999,0.9216
3630,0.7417,0.8363093097709485,0.9600635909,0.9216
3640,0.7382,0.8357684912657984,0.9565330934,0.9216
3650,0.735,0.8351417805573266,0.9616122784,0.9216
3660,0.7326,0.8350620166961376,0.9633852661,0.9216
3670,0.7295999999999999,0.8332829952532145,0.9618337232999999,0.9216
3680,0.7268000000000001,0.8329377543039431,0.9642729855000001,0.9216
3690,0.7247,0.8320161441490329,0.962720013,0.9216
3700,0.7223,0.8314746661819894,0.962941713,0.9216
3710,0.7208,0.830712766063615,0.9647171519,0.9216
3720,0.7190000000000001,0.8305868050716096,0.9620552191999999,0.9216
3730,0.7177,0.8292028669717499,0.963163464,0.9216
3740,0.716,0.8289042540766688,0.9620552191999999,0.9216
3750,0.7148,0.8293970494583615,0.963163464,0.9216
3760,0.7137,0.8377312949671745,0.9636071193,0.9216
3770,0.7123,0.8422743415960824,0.9633852661,0.9216
3780,0.7114,0.8448647300564937,0.963163464,0.9216
3790,0.7101000000000001,0.8483776597026144,0.9624983640000001,0.9216
3800,0.7103,0.8522789219334324,0.9620552191999999,0.9216
3810,0.7120000000000001,0.856291987950666,0.9618337232999999,0.9216
3820,0.7143,0.8607249392607653,0.9616122784,0.9216
3830,0.716,0.865567726584807,0.9618337232999999,0.9216
3840,0.7177,0.8703532404272221,0.9611695415,0.9216
3850,0.7227,0.8747280727084547,0.9622767661,0.9216
3860,0.7295,0.8788177234414702,0.962941713,0.9216
3870,0.7361,0.8835116322571207,0.962941713,0.9216
3880,0.7426999999999999,0.8873098552526152,0.9624983640000001,0.9216
3890,0.7491,0.8909492431681557,0.9622767661,0.9216
3900,0.7601,0.8944893013570763,0.9624983640000001,0.9216
3910,0.7715000000000001,0.8974705029085851,0.963163464,0.9216
3920,0.7826000000000001,0.9007342535245627,0.9633852661,0.9216
3930,0.7935,0.9044073275990927,0.963163464,0.9216
3940,0.804,0.9063667528351812,0.9624983640000001,0.9216
3950,0.8142,0.9086539890402405,0.963163464,0.9216
3960,0.8242,0.9107854884404694,0.9636071193,0.9216
3970,0.8338,0.9125242564400503,0.963163464,0.9216
3980,0.8462999999999999,0.9144367475471665,0.962720013,0.9216
3990,0.8553000000000001,0.9155347537743651,0.962720013,0.9216
4000,0.8631,0.9171341784031408,0.963163464,0.9216
4010,0.8697,0.918569244939269,0.962720013,0.9216
4020,0.8759999999999999,0.9194134726422548,0.962941713,0.9216
4030,0.8820999999999999,0.920667740925795,0.963163464,0.9216
4040,0.8881,0.9212972935398817,0.963163464,0.9216
4050,0.8937999999999999,0.9217084855673945,0.9624983640000001,0.9216
4060,0.8976000000000001,0.9226509395885515,0.962941713,0.9216
4070,0.903,0.9236651308271818,0.963163464,0.9216
4080,0.9083,0.9239020810387527,0.962941713,0.9216
4090,0.9135,0.9244437728066704,0.962941713,0.9216
4100,0.9181,0.9246268930756518,0.963163464,0.9216
4110,0.9218000000000001,0.925188625357892,0.962720013,0.9216
4120,0.9253,0.9253698171167245,0.962720013,0.9216
4130,0.9288,0.9260864466498951,0.963163464,0.9216
4140,0.9322,0.9261967481956992,0.962720013,0.9216
4150,0.9344,0.9268954718553074,0.962941713,0.9216
4160,0.9377,0.927036708537847,0.963163464,0.9216
4170,0.9409000000000001,0.9273383062560407,0.962941713,0.9216
4180,0.9440000000000001,0.9275215622956483,0.962720013,0.9216
4190,0.946,0.9275695186945139,0.962941713,0.9216
4200,0.9488,0.9283247698467826,0.962720013,0.9216
4210,0.9506,0.9279505849825328,0.963163464,0.9216
4220,0.9523999999999999,0.9278314394887061,0.9633852661,0.9216
4230,0.9534999999999999,0.9284298528643443,0.962720013,0.9216
4240,0.9553,0.9283756707923879,0.963163464,0.9216
4250,0.9569,0.928025351039138,0.962720013,0.9216
4260,0.958,0.9277124977016241,0.962941713,0.9216
4270,0.9597,0.9278918625947833,0.962941713,0.9216
4280,0.9612,0.9271664993087134,0.962941713,0.9216
4290,0.9623,0.9271511828446463,0.962941713,0.9216
4300,0.9637,0.9265748778659325,0.963163464,0.9216
4310,0.9651000000000001,0.926413997672017,0.962720013,0.9216
4320,0.9659,0.9263870919553192,0.9633852661,0.9216
4330,0.9672,0.9265882393574473,0.962941713,0.9216
4340,0.968,0.9265670823537946,0.963163464,0.9216
4350,0.9693,0.9270555696394628,0.963163464,0.9216
4360,0.9701000000000001,0.9269143176300283,0.962720013,0.9216
4370,0.9712000000000001,0.927035481266853,0.9633852661,0.9216
4380,0.972,0.9273133959639354,0.963163464,0.9216
4390,0.9732,0.926916362655431,0.9642729855000001,0.9216
4400,0.9739,0.9267666461666292,0.9636071193,0.9216
4410,0.9741,0.9263206760579157,0.9638290236,0.9216
4420,0.9742000000000001,0.92612871936981,0.9642729855000001,0.9216
4430,0.9745,0.925790367275024,0.9638290236,0.9216
4440,0.9745999999999999,0.9254493475735294,0.9644950430999999,0.9216
4450,0.9749,0.9250693285927575,0.963163464,0.9216
4460,0.975,0.9248740671709665,0.964050979,0.9216
4470,0.9752,0.9245088406673315,0.964050979,0.9216
4480,0.9754,0.9238252992957848,0.9644950430999999,0.9216
4490,0.9756,0.9237027876698133,0.9647171519,0.9216
4500,0.9756999999999999,0.923449046090105,0.962941713,0.9216
4510,0.9759,0.9231572164013278,0.9644950430999999,0.9216
4520,0.9761,0.9236269648054273,0.9649393118,0.9216
4530,0.9762000000000001,0.9236190915957113,0.9638290236,0.9216
4540,0.9763,0.9238607790737758,0.9642729855000001,0.9216
4550,0.9765,0.9239789837447511,0.9642729855000001,0.9216
4560,0.9767,0.9237035159209463,0.964050979,0.9216
4570,0.9768000000000001,0.9235452446998992,0.9642729855000001,0.9216
4580,0.977,0.9234563088360696,0.9638290236,0.9216
4590,0.9771,0.9230855827643157,0.9647171519,0.9216
4600,0.9773000000000001,0.9227856067584549,0.964050979,0.9216
4610,0.9773999999999999,0.9222608789676183,0.9644950430999999,0.9216
4620,0.9776,0.9214399864080263,0.9647171519,0.9216
4630,0.9777,0.9207713525513491,0.964050979,0.9216
4640,0.9778,0.9204760312711663,0.9642729855000001,0.9216
4650,0.978,0.9205735500270295,0.964050979,0.9216
4660,0.9781,0.9213618506370772,0.9642729855000001,0.9216
4670,0.9782,0.9213587856082514,0.9656060985,0.9216
4680,0.9783,0.9215953214742418,0.9642729855000001,0.9216
4690,0.9784,0.9212961294729374,0.964050979,0.9216
4700,0.9786,0.9213870463996239,0.9644950430999999,0.9216
4710,0.9787,0.9213380993111,0.963163464,0.9216
4720,0.9788,0.9209643137717589,0.963163464,0.9216
4730,0.9789,0.9204057090330515,0.9633852661,0.9216
4740,0.9790000000000001,0.9202264235572508,0.9624983640000001,0.9216
4750,0.9792000000000001,0.9202287198673217,0.962941713,0.9216
4760,0.9793000000000001,0.9199181070958045,0.962941713,0.9216
4770,0.9793999999999999,0.919908832426014,0.9624983640000001,0.9216
4780,0.9795,0.919817908689046,0.962941713,0.9216
4790,0.9795999999999999,0.9194765306957063,0.962941713,0.9216
4800,0.9797,0.9192120429939729,0.9624983640000001,0.9216
4810,0.9798,0.9186300788481788,0.963163464,0.9216
4820,0.9799,0.917874303660095,0.9624983640000001,0.9216
4830,0.98,0.9173217049109672,0.9622767661,0.9216
4840,0.9801000000000001,0.9168171550772114,0.962941713,0.9216
4850,0.9802,0.9162087111266852,0.9624983640000001,0.9216
4860,0.9804,0.9159614218881388,0.962720013,0.9216
4870,0.9804999999999999,0.9159800089468605,0.962941713,0.9216
4880,0.9806,0.9156067850611467,0.9624983640000001,0.9216
4890,0.9806999999999999,0.9152216857795804,0.9624983640000001,0.9216
4900,0.9808,0.9148393416356524,0.962941713,0.9216
4910,0.9808,0.9146928506346594,0.9624983640000001,0.9216
4920,0.9809,0.9143939857905793,0.9624983640000001,0.9216
4930,0.981,0.9149574935701261,0.962720013,0.9216
4940,0.9811,0.9148775933254527,0.9622767661,0.9216
4950,0.9812000000000001,0.9150599260012142,0.9624983640000001,0.9216
4960,0.9813,0.9159209663874297,0.962720013,0.9216
4970,0.9814,0.9160832526317743,0.9620552191999999,0.9216
4980,0.9815,0.9166900350283024,0.9622767661,0.9216
4990,0.9815,0.9171843729448719,0.962941713,0.9216
5000,0.9815999999999999,0.9174034528282958,0.9622767661,0.9216
5010,0.9815999999999999,0.9174839674228175,0.9622767661,0.9216
5020,0.9817,0.9179671650744452,0.962720013,0.9216
5030,0.9817,0.9180848603086638,0.9622767661,0.9216
5040,0.9817,0.9182724429542353,0.9620552191999999,0.9216
5050,0.9817,0.9183440112562156,0.962720013,0.9216
5060,0.9817,0.9184966919370661,0.962720013,0.9216
5070,0.9818000000000001,0.9186392334584563,0.9622767661,0.9216
5080,0.9818000000000001,0.9185969385941692,0.9624983640000001,0.9216
5090,0.9818000000000001,0.9187435485416016,0.962720013,0.9216
5100,0.9818000000000001,0.9189349624939365,0.9622767661,0.9216
5110,0.9818000000000001,0.9193227721590739,0.9624983640000001,0.9216
5120,0.9819,0.9196469782256373,0.962941713,0.9216
5130,0.9819,0.9200582590922656,0.9624983640000001,0.9216
5140,0.9819,0.9207142206291989,0.9622767661,0.9216
5150,0.9819,0.9211744532159959,0.962720013,0.9216
5160,0.9819,0.9215079136951944,0.9624983640000001,0.9216
5170,0.9819,0.9217519983593897,0.9620552191999999,0.9216
5180,0.9819,0.9221252464993895,0.962720013,0.9216
5190,0.9819,0.9222839110925171,0.962941713,0.9216
5200,0.982,0.9225526365086081,0.9622767661,0.9216
5210,0.982,0.9228186346040618,0.9622767661,0.9216
5220,0.982,0.9231643115111173,0.962941713,0.9216
5230,0.982,0.9237514923122025,0.962720013,0.9216
5240,0.982,0.9241956592410184,0.9620552191999999,0.9216
5250,0.982,0.9246197130629882,0.962720013,0.9216
5260,0.982,0.9252237475485828,0.962941713,0.9216
5270,0.982,0.925758466785618,0.9620552191999999,0.9216
5280,0.9821,0.9264164406084885,0.9622767661,0.9216
5290,0.9821,0.9270096368082292,0.962720013,0.9216
5300,0.9821,0.9275131687207894,0.9624983640000001,0.9216
5310,0.9821,0.9279804171254046,0.9622767661,0.9216
5320,0.9821,0.9284264104564774,0.9622767661,0.9216
5330,0.9821,0.9289767306364834,0.962941713,0.9216
5340,0.9821,0.9292246990803774,0.9624983640000001,0.9216
5350,0.9821,0.9294674963918139,0.9620552191999999,0.9216
5360,0.9821,0.9298176809962353,0.962941713,0.9216
5370,0.9821,0.9301679971451836,0.962720013,0.9216
5380,0.9821,0.9304117722763671,0.9622767661,0.9216
5390,0.9821,0.9306574382162468,0.962720013,0.9216
5400,0.9821,0.9312326599013127,0.962941713,0.9216
5410,0.9821,0.9314878633300275,0.962720013,0.9216
5420,0.9821,0.9315905208361831,0.9622767661,0.9216
5430,0.9821,0.9319851180019277,0.9624983640000001,0.9216
5440,0.9821,0.932635323076576,0.962941713,0.9216
5450,0.9821,0.9331648570667426,0.962720013,0.9216
5460,0.9821,0.9336212933516604,0.9618337232999999,0.9216
5470,0.9821,0.9343005735758436,0.9624983640000001,0.9216
5480,0.9821,0.9349136961958501,0.962941713,0.9216
5490,0.9821,0.9354998766612714,0.9622767661,0.9216
5500,0.9821,0.9362558933822631,0.9620552191999999,0.9216
5510,0.9821,0.9367664254250258,0.9624983640000001,0.9216
5520,0.9821,0.9371310891508223,0.962720013,0.9216
5530,0.982,0.9373279448144838,0.9624983640000001,0.9216
5540,0.982,0.9375727552820863,0.9622767661,0.9216
5550,0.982,0.9380210985301358,0.9624983640000001,0.9216
5560,0.982,0.9385410612254085,0.962941713,0.9216
5570,0.982,0.9387876950354211,0.9624983640000001,0.9216
5580,0.982,0.9391366974040356,0.9620552191999999,0.9216
5590,0.982,0.9392692754040403,0.962941713,0.9216
5600,0.982,0.9394760875748933,0.9633852661,0.9216
5610,0.982,0.9398006186823871,0.9622767661,0.9216
5620,0.9819,0.9402310541991856,0.9622767661,0.9216
5630,0.9819,0.940391646515125,0.962720013,0.9216
5640,0.9819,0.9406816640051237,0.9624983640000001,0.9216
5650,0.9819,0.9411228925084507,0.9622767661,0.9216
5660,0.9819,0.9414944412380516,0.9620552191999999,0.9216
5670,0.9819,0.94171476501021,0.9620552191999999,0.9216
5680,0.9819,0.9419301419860302,0.962720013,0.9216
5690,0.9819,0.9420180550858339,0.962720013,0.9216
5700,0.9818000000000001,0.9422995131011408,0.9622767661,0.9216
5710,0.9818000000000001,0.9427029880646929,0.9622767661,0.9216
5720,0.9818000000000001,0.9430078511439938,0.963163464,0.9216
5730,0.9818000000000001,0.943125159398381,0.9620552191999999,0.9216
5740,0.9818000000000001,0.9432218388222358,0.9616122784,0.9216
5750,0.9818000000000001,0.9430342516106349,0.9620552191999999,0.9216
5760,0.9817,0.9431450254369595,0.9622767661,0.9216
5770,0.9817,0.9432338036572944,0.9620552191999999,0.9216
5780,0.9817,0.9433262002045192,0.9620552191999999,0.9216
5790,0.9817,0.9431464438804793,0.9618337232999999,0.9216
5800,0.9817,0.9433543154378217,0.9620552191999999,0.9216
5810,0.9817,0.9434773083538504,0.962720013,0.9216
5820,0.9815999999999999,0.9436853274687098,0.9622767661,0.9216
5830,0.9815999999999999,0.9442814840668892,0.9613908845,0.9216
5840,0.9815999999999999,0.9447484336274858,0.9616122784,0.9216
5850,0.9815999999999999,0.944970767504217,0.9624983640000001,0.9216
5860,0.9815999999999999,0.9452370285330273,0.9620552191999999,0.9216
5870,0.9815,0.9450105101583269,0.9613908845,0.9216
5880,0.9815,0.9457197872961605,0.9620552191999999,0.9216
5890,0.9815,0.9458867872147263,0.9622767661,0.9216
5900,0.9815,0.9459802342706529,0.9620552191999999,0.9216
5910,0.9815,0.9461159865476937,0.9618337232999999,0.9216
5920,0.9814,0.9464498018845173,0.9618337232999999,0.9216
5930,0.9814,0.946446945112779,0.9618337232999999,0.9216
5940,0.9814,0.9468157732242454,0.9620552191999999,0.9216
5950,0.9814,0.9469121358289296,0.9624983640000001,0.9216
5960,0.9813,0.9470859549336421,0.9618337232999999,0.9216
5970,0.9813,0.9472070897932003,0.9613908845,0.9216
5980,0.9813,0.9473956363896571,0.9622767661,0.9216
5990,0.9813,0.9473375185071538,0.962941713,0.9216
6000,0.9812000000000001,0.947268649897094,0.9620552191999999,0.9216
6010,0.9812000000000001,0.9474051905465487,0.9616122784,0.9216
6020,0.9812000000000001,0.9476879031124817,0.9620552191999999,0.9216
6030,0.9811,0.9477568924230901,0.9624983640000001,0.9216
6040,0.9811,0.9476412847426134,0.9622767661,0.9216
6050,0.981,0.9479209929802506,0.9620552191999999,0.9216
6060,0.981,0.9479678871862893,0.9620552191999999,0.9216
6070,0.9809,0.9479167835711205,0.9618337232999999,0.9216
6080,0.9809,0.9481352945084233,0.9622767661,0.9216
6090,0.9809,0.9478690020603953,0.962720013,0.9216
6100,0.9808,0.9482420237750365,0.9622767661,0.9216
6110,0.9808,0.9484014202007738,0.9616122784,0.9216
6120,0.9808,0.9485137291208711,0.9618337232999999,0.9216
6130,0.9806999999999999,0.9487436449986401,0.962720013,0.9216
6140,0.9806999999999999,0.9484292762745128,0.9624983640000001,0.9216
6150,0.9806,0.9486053605046874,0.9618337232999999,0.9216
6160,0.9806,0.9490374790021399,0.9618337232999999,0.9216
6170,0.9804999999999999,0.9491807239462999,0.9624983640000001,0.9216
6180,0.9804999999999999,0.9494394684012041,0.9624983640000001,0.9216
6190,0.9804999999999999,0.9497034661526794,0.9622767661,0.9216
6200,0.9804,0.9497907642438821,0.9620552191999999,0.9216
6210,0.9804,0.9497349865261553,0.9620552191999999,0.9216
6220,0.9803000000000001,0.9499424874191228,0.9620552191999999,0.9216
6230,0.9803000000000001,0.9499697589152984,0.9624983640000001,0.9216
6240,0.9802,0.949940573779621,0.962720013,0.9216
6250,0.9802,0.9500888682065366,0.9622767661,0.9216
6260,0.9801000000000001,0.9507164110015517,0.9613908845,0.9216
6270,0.9801000000000001,0.9501909251403974,0.9618337232999999,0.9216
6280,0.98,0.950317495179408,0.962720013,0.9216
6290,0.98,0.9506697536216837,0.962941713,0.9216
6300,0.98,0.9501485863962643,0.9620552191999999,0.9216
6310,0.9799,0.9505552579429406,0.9618337232999999,0.9216
6320,0.9799,0.9506672727960668,0.9624983640000001,0.9216
6330,0.9798,0.9504418807745152,0.9624983640000001,0.9216
6340,0.9798,0.9506531095168724,0.9620552191999999,0.9216
6350,0.9797,0.9503045697559088,0.9618337232999999,0.9216
6360,0.9797,0.9507994951066557,0.9618337232999999,0.9216
6370,0.9795999999999999,0.95124188277828,0.9620552191999999,0.9216
6380,0.9795999999999999,0.9512378520761225,0.9620552191999999,0.9216
6390,0.9795999999999999,0.951387824984852,0.962720013,0.9216
6400,0.9795,0.9514351494285521,0.962720013,0.9216
6410,0.9795,0.9514557782217576,0.9620552191999999,0.9216
6420,0.9793999999999999,0.9516624870277489,0.9613908845,0.9216
6430,0.9793999999999999,0.9514503897795102,0.9620552191999999,0.9216
6440,0.9793000000000001,0.9518997371592197,0.962941713,0.9216
6450,0.9793000000000001,0.9513902320358034,0.963163464,0.9216
6460,0.9792000000000001,0.9522291607762714,0.9622767661,0.9216
6470,0.9792000000000001,0.9519615728651392,0.9618337232999999,0.9216
6480,0.9792000000000001,0.9517717092665057,0.9624983640000001,0.9216
6490,0.9791,0.951528307071425,0.962720013,0.9216
6500,0.9790000000000001,0.952029251126548,0.9622767661,0.9216
6510,0.9790000000000001,0.9519802965339464,0.9620552191999999,0.9216
6520,0.9790000000000001,0.9518719314304736,0.9622767661,0.9216
6530,0.9789,0.9523332757259021,0.9622767661,0.9216
6540,0.9789,0.9520752718170518,0.9624983640000001,0.9216
6550,0.9788,0.9524469223739026,0.9624983640000001,0.9216
6560,0.9788,0.952147984303166,0.962720013,0.9216
6570,0.9787,0.9523718661461995,0.9624983640000001,0.9216
6580,0.9787,0.952213444594407,0.9616122784,0.9216
6590,0.9786,0.9521038807756564,0.9613908845,0.9216
6600,0.9786,0.9521322721507731,0.962720013,0.9216
6610,0.9786,0.9520940009388462,0.9636071193,0.9216
6620,0.9784999999999999,0.9523430661119641,0.9633852661,0.9216
6630,0.9784999999999999,0.9519520409403636,0.9620552191999999,0.9216
6640,0.9784,0.9521793975311379,0.9616122784,0.9216
6650,0.9784,0.95196956623528,0.9622767661,0.9216
6660,0.9783,0.9520433075473896,0.962720013,0.9216
6670,0.9783,0.9524648844460039,0.962720013,0.9216
6680,0.9782,0.951746008480691,0.9622767661,0.9216
6690,0.9782,0.9524605665930649,0.9622767661,0.9216
6700,0.9781,0.9527699721619315,0.9622767661,0.9216
6710,0.9781,0.9528436384231351,0.9620552191999999,0.9216
6720,0.9781,0.9525742689185717,0.9622767661,0.9216
6730,0.978,0.9526153343418662,0.962720013,0.9216
6740,0.978,0.9524749233192407,0.963163464,0.9216
6750,0.9779000000000001,0.9532079039832708,0.9624983640000001,0.9216
6760,0.9779000000000001,0.952798833215246,0.9618337232999999,0.9216
6770,0.9778,0.9529938895140615,0.9618337232999999,0.9216
6780,0.9778,0.9527383144696875,0.962941713,0.9216
6790,0.9778,0.9528493001615743,0.9638290236,0.9216
6800,0.9777,0.9535786140063703,0.963163464,0.9216
6810,0.9776,0.9530009662187728,0.9620552191999999,0.9216
6820,0.9776,0.953415574993936,0.9616122784,0.9216
6830,0.9775,0.9533565439245725,0.9622767661,0.9216
6840,0.9775,0.9532458114908078,0.963163464,0.9216
6850,0.9775,0.9530500557572577,0.962941713,0.9216
6860,0.9773999999999999,0.9529207168768667,0.962720013,0.9216
6870,0.9773999999999999,0.953014638971261,0.9624983640000001,0.9216
6880,0.9773000000000001,0.9541621841818909,0.962720013,0.9216
6890,0.9773000000000001,0.9542777826920485,0.9624983640000001,0.9216
6900,0.9772,0.9538816170029916,0.9622767661,0.9216
6910,0.9772,0.9540347886200918,0.9624983640000001,0.9216
6920,0.9772,0.9540553443915654,0.963163464,0.9216
6930,0.9771,0.9541840145464476,0.963163464,0.9216
6940,0.9771,0.9537484994410572,0.9624983640000001,0.9216
6950,0.977,0.9540441503145455,0.9618337232999999,0.9216
6960,0.977,0.9539412135701124,0.9620552191999999,0.9216
6970,0.9769,0.9542039288190687,0.9633852661,0.9216
6980,0.9769,0.9539464770253341,0.964050979,0.9216
6990,0.9769,0.9538394230269526,0.9633852661,0.9216
7000,0.9768000000000001,0.9536040367308217,0.9620552191999999,0.9216
7010,0.9768000000000001,0.9538957326595678,0.9616122784,0.9216
7020,0.9767,0.9539642394052377,0.9622767661,0.9216
7030,0.9767,0.9540463169228995,0.963163464,0.9216
7040,0.9765999999999999,0.9542575708010288,0.9636071193,0.9216
7050,0.9765999999999999,0.9540679817815899,0.962941713,0.9216
7060,0.9765,0.9542874393913475,0.9624983640000001,0.9216
7070,0.9765,0.9541347813985508,0.9622767661,0.9216
7080,0.9764,0.9540301716037742,0.9622767661,0.9216
7090,0.9764,0.9544016213603471,0.9622767661,0.9216
7100,0.9764,0.9539088187089488,0.9624983640000001,0.9216
7110,0.9763,0.9541371603308539,0.963163464,0.9216
7120,0.9763,0.954184123266402,0.9636071193,0.9216
7130,0.9762000000000001,0.9542778906166486,0.9633852661,0.9216
7140,0.9762000000000001,0.9539944418448428,0.9622767661,0.9216
7150,0.9762000000000001,0.9541048802508105,0.9616122784,0.9216
7160,0.9761,0.9547545738100123,0.9620552191999999,0.9216
7170,0.9761,0.9542359148335975,0.963163464,0.9216
7180,0.976,0.9541607699931927,0.9642729855000001,0.9216
7190,0.976,0.9538686892703814,0.9636071193,0.9216
7200,0.976,0.9548007335404876,0.9622767661,0.9216
7210,0.9759,0.9545447120268764,0.9616122784,0.9216
7220,0.9759,0.9543595992447701,0.9620552191999999,0.9216
7230,0.9758,0.9545998150571059,0.9633852661,0.9216
7240,0.9758,0.954724559331547,0.9638290236,0.9216
7250,0.9756999999999999,0.9544648210842622,0.9638290236,0.9216
7260,0.9756999999999999,0.9545112834333436,0.962941713,0.9216
7270,0.9756999999999999,0.9544358794329673,0.9624983640000001,0.9216
7280,0.9756,0.9541902979554157,0.9624983640000001,0.9216
7290,0.9756,0.9547207732010388,0.9624983640000001,0.9216
7300,0.9756,0.9549894192238582,0.9624983640000001,0.9216
7310,0.9754999999999999,0.9547770155309906,0.962720013,0.9216
7320,0.9754999999999999,0.9548773885063692,0.963163464,0.9216
7330,0.9754,0.9549802006271029,0.9636071193,0.9216
7340,0.9754,0.9551044189884816,0.963163464,0.9216
7350,0.9753000000000001,0.9551144091709365,0.9622767661,0.9216
7360,0.9753000000000001,0.9547631699720688,0.9613908845,0.9216
7370,0.9753000000000001,0.9549390904835976,0.9616122784,0.9216
7380,0.9753000000000001,0.9550295375973403,0.9633852661,0.9216
7390,0.9752,0.9549616874140442,0.9644950430999999,0.9216
7400,0.9752,0.9551666964099172,0.9644950430999999,0.9216
7410,0.9751000000000001,0.9550926484595479,0.963163464,0.9216
7420,0.9751000000000001,0.9544109515025619,0.9616122784,0.9216
7430,0.9751000000000001,0.9546615374456056,0.9613908845,0.9216
7440,0.975,0.9552816647098031,0.9622767661,0.9216
7450,0.975,0.9550099859276239,0.9636071193,0.9216
7460,0.9749,0.9552078229651497,0.964050979,0.9216
7470,0.9749,0.9551951212560078,0.9638290236,0.9216
7480,0.9749,0.9551586222957991,0.963163464,0.9216
7490,0.9749,0.9549731673149978,0.962720013,0.9216
7500,0.9748,0.9550995731127501,0.962720013,0.9216
7510,0.9748,0.9553999301858375,0.962720013,0.9216
7520,0.9747,0.9547989989597574,0.962941713,0.9216
7530,0.9747,0.9542968035242749,0.9638290236,0.9216
7540,0.9747,0.9544695862567201,0.9644950430999999,0.9216
7550,0.9747,0.9543088422645923,0.9651615228999999,0.9216
7560,0.9745999999999999,0.9545824938873717,0.9649393118,0.9216
7570,0.9745999999999999,0.9550026486828724,0.9636071193,0.9216
7580,0.9745999999999999,0.9548191474420366,0.9624983640000001,0.9216
7590,0.9745,0.9547548714375441,0.9622767661,0.9216
7600,0.9745,0.9547259700004084,0.9638290236,0.9216
7610,0.9745,0.9546823579400785,0.9662733459999999,0.9216
7620,0.9743999999999999,0.9554025677820895,0.9678320505000001,0.9216
7630,0.9743999999999999,0.9555119915193435,0.9676092246,0.9216
7640,0.9743999999999999,0.9554218511766923,0.966050879,0.9216
7650,0.9743,0.9554708895993249,0.9636071193,0.9216
7660,0.9743,0.9547844862836506,0.9624983640000001,0.9216
7670,0.9743,0.9543447548983102,0.9622767661,0.9216
7680,0.9743,0.9548386856541684,0.963163464,0.9216
7690,0.9742000000000001,0.9546095994653387,0.964050979,0.9216
7700,0.9742000000000001,0.9542354394157895,0.9642729855000001,0.9216
7710,0.9742000000000001,0.9552393396466842,0.964050979,0.9216
7720,0.9742000000000001,0.9553236191852627,0.963163464,0.9216
7730,0.9742000000000001,0.9551895894570803,0.9624983640000001,0.9216
7740,0.9741,0.9547693784869639,0.9613908845,0.9216
7750,0.9741,0.9542737811826578,0.9607270085,0.9216
7760,0.9741,0.9545095702636477,0.9605058184,0.9216
7770,0.9741,0.9550387361884366,0.9613908845,0.9216
7780,0.9740000000000001,0.9555271714325335,0.962720013,0.9216
7790,0.9740000000000001,0.9548900532466686,0.964050979,0.9216
7800,0.9740000000000001,0.954700080015971,0.9642729855000001,0.9216
7810,0.9739,0.954396118323258,0.9633852661,0.9216
7820,0.9739,0.9547742959757598,0.9616122784,0.9216
7830,0.9739,0.9552805253279467,0.9605058184,0.9216
7840,0.9739,0.9546084973892659,0.9607270085,0.9216
7850,0.9739,0.9550994536541617,0.9618337232999999,0.9216
7860,0.9738,0.9553319354876001,0.9633852661,0.9216
7870,0.9738,0.9549829718491202,0.964050979,0.9216
7880,0.9738,0.9546623149595084,0.9633852661,0.9216
7890,0.9738,0.9542014366104314,0.9622767661,0.9216
7900,0.9738,0.9550763980229335,0.9613908845,0.9216
7910,0.9738,0.9542479788668757,0.9613908845,0.9216
7920,0.9737,0.9545277028773757,0.9618337232999999,0.9216
7930,0.9737,0.9556289296257798,0.9622767661,0.9216
7940,0.9737,0.9546431425753933,0.962720013,0.9216
7950,0.9737,0.9548589975035463,0.962941713,0.9216
7960,0.9737,0.955313089547703,0.962941713,0.9216
7970,0.9736,0.954844900543098,0.963163464,0.9216
7980,0.9736,0.954458764208784,0.962941713,0.9216
7990,0.9736,0.9545980895689175,0.9622767661,0.9216
8000,0.9736,0.954932688015034,0.9613908845,0.9216
8010,0.9736,0.9553900675103149,0.9607270085,0.9216
8020,0.9734999999999999,0.9553381978963601,0.9609482495,0.9216
8030,0.9734999999999999,0.9544555383020271,0.9618337232999999,0.9216
8040,0.9734999999999999,0.955184627796318,0.963163464,0.9216
8050,0.9734999999999999,0.9543163157166594,0.9638290236,0.9216
8060,0.9734999999999999,0.9557813857296154,0.9633852661,0.9216
8070,0.9734,0.9557421956958914,0.9620552191999999,0.9216
8080,0.9734,0.9546818291797725,0.9605058184,0.9216
8090,0.9734,0.954909436512698,0.9600635909,0.9216
8100,0.9734,0.9546970831868204,0.9607270085,0.9216
8110,0.9732999999999999,0.9546095098468201,0.9622767661,0.9216
8120,0.9732999999999999,0.9547860732304095,0.9633852661,0.9216
8130,0.9732999999999999,0.9547112992523209,0.9636071193,0.9216
8140,0.9732999999999999,0.9540704513837088,0.962720013,0.9216
8150,0.9732999999999999,0.955220655786567,0.9616122784,0.9216
8160,0.9732999999999999,0.9550642100138764,0.9609482495,0.9216
8170,0.9732,0.9549026405855715,0.9609482495,0.9216
8180,0.9732,0.9546606590710132,0.9616122784,0.9216
8190,0.9732,0.9555075917073826,0.9622767661,0.9216
8200,0.9732,0.9559283664533403,0.962720013,0.9216
8210,0.9732,0.9543886615791629,0.9624983640000001,0.9216
8220,0.9731000000000001,0.9554109838189221,0.9622767661,0.9216
8230,0.9731000000000001,0.9537965673934793,0.9620552191999999,0.9216
8240,0.9731000000000001,0.9550262712180725,0.9622767661,0.9216
8250,0.9731000000000001,0.9557119283229364,0.9622767661,0.9216
8260,0.9731000000000001,0.9560422914247083,0.9620552191999999,0.9216
8270,0.9731000000000001,0.9552728417013887,0.9613908845,0.9216
8280,0.9731000000000001,0.9549763893825721,0.9609482495,0.9216
8290,0.9731000000000001,0.9536639282642412,0.9609482495,0.9216
8300,0.9731000000000001,0.953646042080772,0.9616122784,0.9216
8310,0.973,0.9544547162891905,0.9624983640000001,0.9216
8320,0.973,0.9544532891607103,0.963163464,0.9216
8330,0.973,0.9532613006186414,0.963163464,0.9216
8340,0.973,0.9551263835817949,0.9622767661,0.9216
8350,0.973,0.9538370069179787,0.9609482495,0.9216
8360,0.973,0.95354280806737,0.9600635909,0.9216
8370,0.973,0.9554225790585857,0.9602846791999999,0.9216
8380,0.973,0.9549239480525142,0.9613908845,0.9216
8390,0.973,0.9531623331508037,0.962720013,0.9216
8400,0.9729000000000001,0.9517211477318948,0.9636071193,0.9216
8410,0.9729000000000001,0.9505139629407074,0.9636071193,0.9216
8420,0.9729000000000001,0.9560720170841294,0.962720013,0.9216
8430,0.9729000000000001,0.9553251658462343,0.9616122784,0.9216
8440,0.9729000000000001,0.9549792257941645,0.9607270085,0.9216
8450,0.9729000000000001,0.9558634599792373,0.9609482495,0.9216
8460,0.9729000000000001,0.9519744133543133,0.9613908845,0.9216
8470,0.9729000000000001,0.9544677028872721,0.9620552191999999,0.9216
8480,0.9729000000000001,0.9515192830817832,0.9624983640000001,0.9216
8490,0.9729000000000001,0.9503913677543387,0.9624983640000001,0.9216
8500,0.9729000000000001,0.9525499308811032,0.9620552191999999,0.9216
8510,0.9729000000000001,0.9518912083669153,0.9618337232999999,0.9216
8520,0.9729000000000001,0.9531256648552369,0.9618337232999999,0.9216
8530,0.9729000000000001,0.9523396589441575,0.9620552191999999,0.9216
8540,0.9729000000000001,0.9540703962408276,0.9620552191999999,0.9216
8550,0.9729000000000001,0.9532705020199909,0.9618337232999999,0.9216
8560,0.9729000000000001,0.9535578528864375,0.9613908845,0.9216
8570,0.9728,0.9527412331877974,0.9609482495,0.9216
8580,0.9728,0.9557108993302309,0.9611695415,0.9216
8590,0.9728,0.9508803559470238,0.9616122784,0.9216
8600,0.9728,0.9551304589539692,0.9624983640000001,0.9216
8610,0.9728,0.9526559939205271,0.963163464,0.9216
8620,0.9728,0.952420478011577,0.963163464,0.9216
8630,0.9728,0.9528474661581274,0.9624983640000001,0.9216
8640,0.9728,0.9517813237608357,0.9613908845,0.9216
8650,0.9728,0.9519705942306649,0.9605058184,0.9216
8660,0.9728,0.9560536637185068,0.9600635909,0.9216
8670,0.9728,0.9527599923073655,0.9607270085,0.9216
8680,0.9728,0.9536123403219068,0.9618337232999999,0.9216
8690,0.9728,0.9531822819264514,0.962941713,0.9216
8700,0.9728,0.953480198520083,0.9633852661,0.9216
8710,0.9729000000000001,0.9548958632753053,0.963163464,0.9216
8720,0.9729000000000001,0.9530420597072579,0.9620552191999999,0.9216
8730,0.9729000000000001,0.9522219390932,0.9611695415,0.9216
8740,0.9729000000000001,0.9531615345634517,0.9605058184,0.9216
8750,0.9729000000000001,0.9544569786502477,0.9605058184,0.9216
8760,0.9729000000000001,0.9536372259435819,0.9611695415,0.9216
8770,0.9729000000000001,0.9531183168534199,0.9620552191999999,0.9216
8780,0.9729000000000001,0.9540948046201793,0.9624983640000001,0.9216
8790,0.9729000000000001,0.954124485202218,0.962720013,0.9216
8800,0.9729000000000001,0.9525166917615794,0.9624983640000001,0.9216
8810,0.9729000000000001,0.9544991792931492,0.9620552191999999,0.9216
8820,0.9729000000000001,0.9528656235930332,0.9618337232999999,0.9216
8830,0.9729000000000001,0.9543663992598852,0.9618337232999999,0.9216
8840,0.9729000000000001,0.9528506640568019,0.9618337232999999,0.9216
8850,0.9729000000000001,0.953059364968525,0.9618337232999999,0.9216
8860,0.9729000000000001,0.9534455229187725,0.9616122784,0.9216
8870,0.9729000000000001,0.953570093049121,0.9613908845,0.9216
8880,0.973,0.9519290057122103,0.9609482495,0.9216
8890,0.973,0.9540982287887932,0.9609482495,0.9216
8900,0.973,0.9532507240740152,0.9613908845,0.9216
8910,0.973,0.9547351495573716,0.9620552191999999,0.9216
8920,0.973,0.952874598364984,0.962720013,0.9216
8930,0.973,0.9527469533879023,0.962720013,0.9216
8940,0.973,0.953506494930121,0.9624983640000001,0.9216
8950,0.973,0.9541385005830315,0.9616122784,0.9216
8960,0.973,0.9531037063045364,0.9605058184,0.9216
8970,0.973,0.954043626777217,0.9600635909,0.9216
8980,0.9731000000000001,0.9536374651219149,0.9602846791999999,0.9216
8990,0.9731000000000001,0.9531539451139976,0.9611695415,0.9216
9000,0.9731000000000001,0.9539715723128518,0.9622767661,0.9216
9010,0.9731000000000001,0.9533560681209339,0.9633852661,0.9216
9020,0.9731000000000001,0.9530562767579736,0.9638290236,0.9216
9030,0.9731000000000001,0.9539724997298172,0.9633852661,0.9216
9040,0.9731000000000001,0.9538387566772,0.9624983640000001,0.9216
9050,0.9731000000000001,0.9540139919558811,0.9613908845,0.9216
9060,0.9731000000000001,0.9528956196161995,0.9605058184,0.9216
9070,0.9731000000000001,0.9533079707846682,0.9602846791999999,0.9216
9080,0.9731000000000001,0.9536980891653579,0.9605058184,0.9216
9090,0.9731000000000001,0.9540621877385678,0.9613908845,0.9216
9100,0.9731000000000001,0.9541226081622154,0.9620552191999999,0.9216
9110,0.9731000000000001,0.9533644096407222,0.9624983640000001,0.9216
9120,0.9732,0.9534727096437174,0.9624983640000001,0.9216
9130,0.9732,0.9536633184907385,0.9622767661,0.9216
9140,0.9732,0.9538138529559261,0.9618337232999999,0.9216
9150,0.9732,0.9538281877199789,0.9616122784,0.9216
9160,0.9732,0.9535080437910805,0.9613908845,0.9216
9170,0.9732,0.9530752016232071,0.9616122784,0.9216
9180,0.9732,0.9534298085138518,0.9616122784,0.9216
9190,0.9732,0.953536391679949,0.9616122784,0.9216
9200,0.9732,0.9538174979242676,0.9613908845,0.9216
9210,0.9732,0.9534554750931712,0.9609482495,0.9216
9220,0.9732,0.9539532605601754,0.9609482495,0.9216
9230,0.9732999999999999,0.9533176374511897,0.9611695415,0.9216
9240,0.9732999999999999,0.9534784773326397,0.9618337232999999,0.9216
9250,0.9732999999999999,0.9534275457271773,0.9624983640000001,0.9216
9260,0.9732999999999999,0.9532192098397725,0.962941713,0.9216
9270,0.9732999999999999,0.9535764140563423,0.962941713,0.9216
9280,0.9732999999999999,0.9537344470932222,0.9624983640000001,0.9216
9290,0.9732999999999999,0.9533939474403269,0.9618337232999999,0.9216
9300,0.9732999999999999,0.9537131053742401,0.9609482495,0.9216
9310,0.9734,0.953494115295504,0.9602846791999999,0.9216
9320,0.9734,0.9533373376181992,0.9602846791999999,0.9216
9330,0.9734,0.953661680037065,0.9607270085,0.9216
9340,0.9734,0.953510293011682,0.9618337232999999,0.9216
9350,0.9734,0.9534315608944572,0.962720013,0.9216
9360,0.9734,0.9532446955474012,0.963163464,0.9216
9370,0.9734,0.9523171431770784,0.963163464,0.9216
9380,0.9734,0.9514878554860449,0.9622767661,0.9216
9390,0.9734999999999999,0.9546308034399058,0.9611695415,0.9216
9400,0.9734999999999999,0.9554526147098653,0.9602846791999999,0.9216
9410,0.9734999999999999,0.9533279881842763,0.9596215671,0.9216
9420,0.9734999999999999,0.952968119974388,0.9596215671,0.9216
9430,0.9734999999999999,0.9527272743052795,0.9600635909,0.9216
9440,0.9736,0.9537047895216726,0.9611695415,0.9216
9450,0.9736,0.9542629799035794,0.9620552191999999,0.9216
9460,0.9736,0.9547128746838025,0.962941713,0.9216
9470,0.9736,0.9541111040338904,0.9636071193,0.9216
9480,0.9736,0.9544539739462671,0.9636071193,0.9216
9490,0.9737,0.9536963429243285,0.9636071193,0.9216
9500,0.9737,0.9536368521020507,0.9633852661,0.9216
9510,0.9737,0.9531834747456576,0.962941713,0.9216
9520,0.9737,0.9542160103489516,0.9624983640000001,0.9216
9530,0.9737,0.9535140567255377,0.9620552191999999,0.9216
9540,0.9737,0.9545248136773379,0.9613908845,0.9216
9550,0.9738,0.9540017315432973,0.9605058184,0.9216
9560,0.9738,0.9540633863080769,0.9596215671,0.9216
9570,0.9738,0.9547990690751038,0.9589589128999999,0.9216
9580,0.9738,0.9545185951352639,0.9585173977,0.9216
9590,0.9739,0.954064043132339,0.9587381299000001,0.9216
9600,0.9739,0.9540820410201734,0.9596215671,0.9216
9610,0.9739,0.9541346585196055,0.9607270085,0.9216
9620,0.9739,0.9549928410529758,0.9620552191999999,0.9216
9630,0.9739,0.9548293389365204,0.9633852661,0.9216
9640,0.9740000000000001,0.9544334533519439,0.964050979,0.9216
9650,0.9740000000000001,0.9542873495611444,0.964050979,0.9216
9660,0.9740000000000001,0.9541119832539171,0.9638290236,0.9216
9670,0.9740000000000001,0.9541112495753846,0.9633852661,0.9216
9680,0.9741,0.954724717445507,0.962720013,0.9216
9690,0.9741,0.9545569944941096,0.9622767661,0.9216
9700,0.9741,0.954827707423545,0.9620552191999999,0.9216
9710,0.9741,0.9545345951451737,0.9620552191999999,0.9216
9720,0.9741,0.9545960428595048,0.9620552191999999,0.9216
9730,0.9741,0.9549355485122637,0.9618337232999999,0.9216
9740,0.9741,0.954409698026936,0.9613908845,0.9216
9750,0.9742000000000001,0.9538089207218399,0.9605058184,0.9216
9760,0.9742000000000001,0.9544892994946368,0.9596215671,0.9216
9770,0.9742000000000001,0.9548379951875301,0.9589589128999999,0.9216
9780,0.9743,0.9547486742782472,0.9585173977,0.9216
9790,0.9743,0.9543278742149768,0.9587381299000001,0.9216
9800,0.9743,0.9541910636168902,0.9596215671,0.9216
9810,0.9743,0.9545507285671581,0.9607270085,0.9216
9820,0.9743999999999999,0.9544774916424311,0.9620552191999999,0.9216
9830,0.9743999999999999,0.9541707952284777,0.963163464,0.9216
9840,0.9743999999999999,0.9543187390434813,0.9638290236,0.9216
9850,0.9743999999999999,0.9547040754780183,0.964050979,0.9216
9860,0.9743999999999999,0.9549306018197115,0.9636071193,0.9216
9870,0.9745,0.9541926026025236,0.963163464,0.9216
9880,0.9745,0.954887751898354,0.9624983640000001,0.9216
9890,0.9745,0.9542224363331948,0.9620552191999999,0.9216
9900,0.9745,0.9546575689914225,0.9616122784,0.9216
9910,0.9745999999999999,0.9545760468646906,0.9616122784,0.9216
9920,0.9745999999999999,0.9541745563019555,0.9616122784,0.9216
9930,0.9745999999999999,0.9539464408003012,0.9616122784,0.9216
9940,0.9747,0.9546064260103805,0.9613908845,0.9216
9950,0.9747,0.9545604579402247,0.9613908845,0.9216
9960,0.9747,0.9550170506420576,0.9611695415,0.9216
9970,0.9747,0.9547965076897519,0.9611695415,0.9216
9980,0.9747,0.954330510844732,0.9611695415,0.9216
9990,0.9748,0.9543759065666568,0.9613908845,0.9216
10000,0.9748,0.9547953657671436,0.9618337232999999,0.9216
10010,0.9748,0.9548800799956907,0.9620552191999999,0.9216
10020,0.9748,0.9550020174326939,0.9620552191999999,0.9216
10030,0.9749,0.9543974528025794,0.9618337232999999,0.9216
10040,0.9749,0.9542002391568929,0.9613908845,0.9216
10050,0.9749,0.9541941235389859,0.9607270085,0.9216
10060,0.9749,0.9548891044988832,0.9602846791999999,0.9216
10070,0.9749,0.9539372185962612,0.9598425536,0.9216
10080,0.975,0.9538979160794433,0.9598425536,0.9216
10090,0.975,0.954445616422856,0.9605058184,0.9216
10100,0.975,0.9550426907140982,0.9613908845,0.9216
10110,0.975,0.9551205050405913,0.9624983640000001,0.9216
10120,0.975,0.9546795963232083,0.9636071193,0.9216
10130,0.9751000000000001,0.9542219228369835,0.9642729855000001,0.9216
10140,0.9751000000000001,0.9545868482934257,0.9644950430999999,0.9216
10150,0.9751000000000001,0.9546228221298961,0.9642729855000001,0.9216
10160,0.9751000000000001,0.9545344641856677,0.9636071193,0.9216
10170,0.9752,0.9543710232778944,0.9624983640000001,0.9216
10180,0.9752,0.9540217311771898,0.9613908845,0.9216
10190,0.9752,0.9542573612813393,0.9607270085,0.9216
10200,0.9752,0.9541340210234425,0.9602846791999999,0.9216
10210,0.9753000000000001,0.9544591398976943,0.9602846791999999,0.9216
10220,0.9753000000000001,0.9545841929870875,0.9605058184,0.9216
10230,0.9753000000000001,0.9543848713717494,0.9611695415,0.9216
10240,0.9753000000000001,0.954264351931486,0.9618337232999999,0.9216
10250,0.9753000000000001,0.9547462920008434,0.9622767661,0.9216
10260,0.9754,0.9540483732324521,0.9622767661,0.9216
10270,0.9754,0.9539307783981584,0.9622767661,0.9216
10280,0.9754,0.9537985729050957,0.9620552191999999,0.9216
10290,0.9754,0.9539708235394624,0.9616122784,0.9216
10300,0.9754999999999999,0.9541756241592192,0.9611695415,0.9216
10310,0.9754999999999999,0.9543449179785872,0.9609482495,0.9216
10320,0.9754999999999999,0.9542317195998534,0.9609482495,0.9216
10330,0.9754999999999999,0.9544766627330369,0.9609482495,0.9216
10340,0.9756,0.9543986936405392,0.9609482495,0.9216
10350,0.9756,0.9545388707927007,0.9609482495,0.9216
10360,0.9756,0.9547700322663708,0.9607270085,0.9216
10370,0.9756999999999999,0.9541866268522339,0.9607270085,0.9216
10380,0.9756999999999999,0.9541047620499232,0.9605058184,0.9216
10390,0.9756999999999999,0.9543204572524927,0.9605058184,0.9216
10400,0.9756999999999999,0.9546505819494566,0.9605058184,0.9216
10410,0.9758,0.9538576854834016,0.9609482495,0.9216
10420,0.9758,0.9543826902676882,0.9613908845,0.9216
10430,0.9758,0.9543798377426123,0.9620552191999999,0.9216
10440,0.9758,0.9544371097690209,0.9624983640000001,0.9216
10450,0.9759,0.9546537485110951,0.962720013,0.9216
10460,0.9759,0.9542569473280326,0.962720013,0.9216
10470,0.9759,0.9540637939366352,0.9622767661,0.9216
10480,0.9759,0.9548386793860953,0.9616122784,0.9216
10490,0.9759,0.954363585558636,0.9609482495,0.9216
10500,0.976,0.9546032881641171,0.9602846791999999,0.9216
10510,0.976,0.9547761592392988,0.9596215671,0.9216
10520,0.976,0.9543741336950818,0.9596215671,0.9216
10530,0.9761,0.954313748307126,0.9598425536,0.9216
10540,0.9761,0.9547041474319231,0.9602846791999999,0.9216
10550,0.9761,0.9540064526790927,0.9609482495,0.9216
10560,0.9761,0.9547911830754738,0.9616122784,0.9216
10570,0.9762000000000001,0.9538419997438636,0.9620552191999999,0.9216
10580,0.9762000000000001,0.954519077127026,0.9620552191999999,0.9216
10590,0.9762000000000001,0.9544836644657206,0.9618337232999999,0.9216
10600,0.9762000000000001,0.9545969910433831,0.9613908845,0.9216
10610,0.9762000000000001,0.954445433544524,0.9607270085,0.9216
10620,0.9763,0.9551061116465962,0.9600635909,0.9216
10630,0.9763,0.9544556585857908,0.9594006315,0.9216
10640,0.9763,0.9548163079795345,0.9594006315,0.9216
10650,0.9763,0.9544039139626649,0.9596215671,0.9216
10660,0.9763,0.954743277503811,0.9600635909,0.9216
10670,0.9764,0.9543883014607932,0.9607270085,0.9216
10680,0.9765,0.9546216168347829,0.9613908845,0.9216
10690,0.9765,0.954778638470538,0.9620552191999999,0.9216
10700,0.9765,0.954592600812542,0.9624983640000001,0.9216
10710,0.9765,0.9544946558381737,0.9624983640000001,0.9216
10720,0.9765,0.9549009400916644,0.9622767661,0.9216
10730,0.9765999999999999,0.9542048237932949,0.9616122784,0.9216
10740,0.9765999999999999,0.955176522203324,0.9611695415,0.9216
10750,0.9765999999999999,0.9544335988587639,0.9607270085,0.9216
10760,0.9767,0.9549413409179561,0.9602846791999999,0.9216
10770,0.9767,0.9550700823798066,0.9600635909,0.9216
10780,0.9767,0.9549097237975593,0.9600635909,0.9216
10790,0.9767,0.9544233175603377,0.9600635909,0.9216
10800,0.9768000000000001,0.9545656315665803,0.9602846791999999,0.9216
10810,0.9768000000000001,0.9545317670751708,0.9602846791999999,0.9216
10820,0.9768000000000001,0.9547557655518469,0.9605058184,0.9216
10830,0.9769,0.9550316461012376,0.9605058184,0.9216
10840,0.9769,0.954887558510953,0.9605058184,0.9216
10850,0.9769,0.955112249096258,0.9605058184,0.9216
10860,0.9769,0.9547357210235562,0.9605058184,0.9216
10870,0.9769,0.9548046247179702,0.9605058184,0.9216
10880,0.977,0.9548506083481152,0.9607270085,0.9216
10890,0.977,0.9550294998678418,0.9609482495,0.9216
10900,0.977,0.9547685954335519,0.9611695415,0.9216
10910,0.977,0.9548764586428604,0.9611695415,0.9216
10920,0.977,0.954676036077218,0.9611695415,0.9216
10930,0.9771,0.9550731471895594,0.9609482495,0.9216
10940,0.9771,0.9549145238990508,0.9605058184,0.9216
10950,0.9772,0.9548164209879183,0.9600635909,0.9216
10960,0.9772,0.9545520164282928,0.9596215671,0.9216
10970,0.9772,0.9553395347531339,0.9594006315,0.9216
10980,0.9772,0.9546126074246771,0.9594006315,0.9216
10990,0.9772,0.9551017057060205,0.9596215671,0.9216
11000,0.9773000000000001,0.95491806452714,0.9602846791999999,0.9216
11010,0.9773000000000001,0.9548690387080697,0.9611695415,0.9216
11020,0.9773000000000001,0.9546740254144424,0.9620552191999999,0.9216
11030,0.9773999999999999,0.9554059125627391,0.963163464,0.9216
11040,0.9773999999999999,0.9545581691190077,0.9638290236,0.9216
11050,0.9773999999999999,0.9551458280146302,0.9642729855000001,0.9216
11060,0.9773999999999999,0.9546041138818508,0.9642729855000001,0.9216
11070,0.9775,0.9547079419728843,0.9638290236,0.9216
11080,0.9775,0.9545264778103125,0.963163464,0.9216
11090,0.9775,0.9547178663413814,0.9620552191999999,0.9216
11100,0.9775,0.9541847135921521,0.9611695415,0.9216
11110,0.9775,0.954589707703127,0.9600635909,0.9216
11120,0.9775,0.9539725454929502,0.9596215671,0.9216
11130,0.9776,0.9543606403432933,0.9591797468,0.9216
11140,0.9776,0.9537289655341152,0.9594006315,0.9216
11150,0.9777,0.9544161079221637,0.9598425536,0.9216
11160,0.9777,0.9539298794625161,0.9602846791999999,0.9216
11170,0.9777,0.9541170261160308,0.9609482495,0.9216
11180,0.9777,0.9533989454674652,0.9613908845,0.9216
11190,0.9777,0.9537510082518338,0.9616122784,0.9216
11200,0.9778,0.9536821442818656,0.9616122784,0.9216
11210,0.9778,0.953852165347648,0.9611695415,0.9216
11220,0.9778,0.9536898389425108,0.9607270085,0.9216
11230,0.9778,0.9541593225436593,0.9598425536,0.9216
11240,0.9778,0.9535770539360613,0.9591797468,0.9216
11250,0.9778,0.9534877729733298,0.9585173977,0.9216
11260,0.9779000000000001,0.953771755819437,0.9578555059999999,0.9216
11270,0.9779000000000001,0.9536784329413653,0.9574144988000001,0.9216
11280,0.978,0.9537378846008504,0.9571940712999999,0.9216
11290,0.978,0.9538674331755287,0.9569736946,0.9216
11300,0.978,0.9537740942036854,0.9571940712999999,0.9216
11310,0.978,0.9541188298894026,0.9571940712999999,0.9216
11320,0.978,0.9540550346855949,0.9574144988000001,0.9216
11330,0.9781,0.9539419422672772,0.957634977,0.9216
11340,0.9781,0.9540641362535274,0.9578555059999999,0.9216
11350,0.9781,0.954124498224857,0.9580760857,0.9216
11360,0.9782,0.9542168904016962,0.9585173977,0.9216
11370,0.9782,0.9541085221953957,0.9589589128999999,0.9216
11380,0.9782,0.9537294604972787,0.9594006315,0.9216
11390,0.9782,0.9538067796776664,0.9598425536,0.9216
11400,0.9782,0.9541240133696975,0.9605058184,0.9216
11410,0.9782,0.9539888626568527,0.9609482495,0.9216
11420,0.9783,0.9540135036989608,0.9611695415,0.9216
11430,0.9783,0.9539819017764071,0.9613908845,0.9216
11440,0.9784,0.9541894402683376,0.9611695415,0.9216
11450,0.9784,0.9541500157157303,0.9609482495,0.9216
11460,0.9784,0.9544528611091085,0.9605058184,0.9216
11470,0.9784,0.9540839103926991,0.9598425536,0.9216
11480,0.9784,0.9542097613255104,0.9594006315,0.9216
11490,0.9784,0.9541033230578866,0.9591797468,0.9216
11500,0.9784999999999999,0.9542279772517877,0.9591797468,0.9216
11510,0.9784999999999999,0.95417681615038,0.9594006315,0.9216
11520,0.9784999999999999,0.9543675763628396,0.9600635909,0.9216
11530,0.9786,0.9540893940066506,0.9611695415,0.9216
11540,0.9786,0.954362495974216,0.9622767661,0.9216
11550,0.9786,0.9541613188953194,0.9633852661,0.9216
11560,0.9786,0.954202591929838,0.9644950430999999,0.9216
11570,0.9786,0.9540260753057405,0.9651615228999999,0.9216
11580,0.9787,0.9542008536771864,0.9656060985,0.9216
11590,0.9787,0.9541178040439627,0.9653837851,0.9216
11600,0.9787,0.9543207644959655,0.9649393118,0.9216
11610,0.9788,0.9542650472634236,0.9638290236,0.9216
11620,0.9788,0.954260668243406,0.962720013,0.9216
11630,0.9788,0.9542594263671625,0.9616122784,0.9216
11640,0.9788,0.9543537671031505,0.9605058184,0.9216
11650,0.9788,0.9542438929546164,0.9596215671,0.9216
11660,0.9789,0.9541718658155377,0.9591797468,0.9216
11670,0.9789,0.9539565898490346,0.9591797468,0.9216
11680,0.9789,0.9539316730892062,0.9594006315,0.9216
11690,0.9790000000000001,0.9539818610318263,0.9600635909,0.9216
11700,0.9790000000000001,0.9541012261612349,0.9609482495,0.9216
11710,0.9790000000000001,0.9539196585470243,0.9620552191999999,0.9216
11720,0.9790000000000001,0.9540083456901488,0.962941713,0.9216
11730,0.9790000000000001,0.9538944129257443,0.9636071193,0.9216
11740,0.9790000000000001,0.9538784153535165,0.964050979,0.9216
11750,0.9791,0.9539478657315822,0.9642729855000001,0.9216
11760,0.9791,0.953745822593105,0.964050979,0.9216
11770,0.9791,0.9537538637638151,0.9636071193,0.9216
11780,0.9791,0.9538015050026623,0.963163464,0.9216
11790,0.9791,0.9535599707994118,0.9624983640000001,0.9216
11800,0.9791,0.9535786524262241,0.9618337232999999,0.9216
11810,0.9792000000000001,0.9535354354882025,0.9613908845,0.9216
11820,0.9792000000000001,0.9536534629154992,0.9609482495,0.9216
11830,0.9793000000000001,0.9537896815885849,0.9605058184,0.9216
11840,0.9793000000000001,0.9534835647269421,0.9602846791999999,0.9216
11850,0.9793000000000001,0.9533467588089998,0.9602846791999999,0.9216
11860,0.9793000000000001,0.9534927298659024,0.9602846791999999,0.9216
11870,0.9793000000000001,0.9534742355979577,0.9602846791999999,0.9216
11880,0.9793000000000001,0.9532927948178279,0.9605058184,0.9216
11890,0.9793999999999999,0.9531264795703865,0.9607270085,0.9216
11900,0.9793999999999999,0.9531722866021227,0.9609482495,0.9216
11910,0.9793999999999999,0.9531287473623372,0.9613908845,0.9216
11920,0.9795,0.9529022837717582,0.9618337232999999,0.9216
11930,0.9795,0.9528536494682855,0.9622767661,0.9216
11940,0.9795,0.9529335186436297,0.962941713,0.9216
11950,0.9795999999999999,0.9527654824968838,0.9633852661,0.9216
11960,0.9795999999999999,0.952810072021339,0.9638290236,0.9216
11970,0.9795999999999999,0.9526142721772106,0.964050979,0.9216
11980,0.9795999999999999,0.9525868976777271,0.964050979,0.9216
11990,0.9795999999999999,0.9525709038562146,0.9638290236,0.9216
12000,0.9795999999999999,0.9526651635304185,0.9633852661,0.9216
12010,0.9797,0.9525815336222155,0.962720013,0.9216
12020,0.9797,0.9524088405471168,0.9618337232999999,0.9216
12030,0.9797,0.9524966834385419,0.9611695415,0.9216
12040,0.9797,0.95272764669316,0.9602846791999999,0.9216
12050,0.9797,0.9527406823609963,0.9596215671,0.9216
12060,0.9797,0.9527698996949624,0.9591797468,0.9216
12070,0.9798,0.9527227857176892,0.9589589128999999,0.9216
12080,0.9798,0.9527175963332727,0.9591797468,0.9216
12090,0.9798,0.9527860605477114,0.9596215671,0.9216
12100,0.9798,0.9527814074196597,0.9602846791999999,0.9216
12110,0.9798,0.9527636384666662,0.9611695415,0.9216
12120,0.9798,0.9527541054818514,0.9620552191999999,0.9216
12130,0.9799,0.9527374368680142,0.962720013,0.9216
12140,0.9799,0.9526959327615273,0.9633852661,0.9216
12150,0.9799,0.9527256626330888,0.9636071193,0.9216
12160,0.9799,0.9526311000590799,0.9636071193,0.9216
12170,0.9799,0.9525065290874402,0.9633852661,0.9216
12180,0.9799,0.9524459936485294,0.962720013,0.9216
12190,0.98,0.9525723539299717,0.9618337232999999,0.9216
12200,0.98,0.9524488620842259,0.9611695415,0.9216
12210,0.98,0.9525842781595106,0.9602846791999999,0.9216
12220,0.9801000000000001,0.9523709588986237,0.9596215671,0.9216
12230,0.9801000000000001,0.9524595037558313,0.9591797468,0.9216
12240,0.9801000000000001,0.9524271848458953,0.9589589128999999,0.9216
12250,0.9801000000000001,0.9524955298991371,0.9589589128999999,0.9216
12260,0.9801000000000001,0.952343152874714,0.9594006315,0.9216
12270,0.9801000000000001,0.9524411477070753,0.9600635909,0.9216
12280,0.9802,0.9522687626448888,0.9607270085,0.9216
12290,0.9802,0.9526551972089721,0.9616122784,0.9216
12300,0.9802,0.952396467465399,0.9622767661,0.9216
12310,0.9802,0.9524829482587184,0.962941713,0.9216
12320,0.9802,0.9523969363124057,0.9636071193,0.9216
12330,0.9802,0.9525608960247499,0.9638290236,0.9216
12340,0.9803000000000001,0.9526568307397634,0.964050979,0.9216
12350,0.9803000000000001,0.9528647979092221,0.964050979,0.9216
12360,0.9803000000000001,0.9524664941145917,0.9638290236,0.9216
12370,0.9803000000000001,0.9528109132648812,0.9636071193,0.9216
12380,0.9803000000000001,0.9527396687503008,0.9633852661,0.9216
12390,0.9803000000000001,0.9528949862163402,0.962941713,0.9216
12400,0.9803000000000001,0.9528841995575605,0.962720013,0.9216
12410,0.9804,0.9529333973974942,0.9624983640000001,0.9216
12420,0.9804,0.9529670516104496,0.9622767661,0.9216
12430,0.9804,0.9530608034217743,0.9622767661,0.9216
12440,0.9804,0.9531904639723523,0.9622767661,0.9216
12450,0.9804,0.9532421977373136,0.9622767661,0.9216
12460,0.9804,0.9532725710709656,0.9622767661,0.9216
12470,0.9804999999999999,0.9532412666363753,0.9624983640000001,0.9216
12480,0.9804999999999999,0.9531851761503733,0.962720013,0.9216
12490,0.9804999999999999,0.9533653518527698,0.962720013,0.9216
12500,0.9806,0.9536001529444111,0.963163464,0.9216
12510,0.9806,0.9534183332890609,0.9633852661,0.9216
12520,0.9806,0.9535777096272827,0.9636071193,0.9216
12530,0.9806,0.9535475006250131,0.964050979,0.9216
12540,0.9806,0.953524005235421,0.9642729855000001,0.9216
12550,0.9806,0.9536871661679673,0.9644950430999999,0.9216
12560,0.9806,0.9536264229804285,0.9647171519,0.9216
12570,0.9806999999999999,0.9534878275498313,0.9649393118,0.9216
12580,0.9806999999999999,0.9535649347946596,0.9647171519,0.9216
12590,0.9806999999999999,0.9534460089641337,0.9644950430999999,0.9216
12600,0.9806999999999999,0.9535285440774294,0.9642729855000001,0.9216
12610,0.9806999999999999,0.9533505132564628,0.9636071193,0.9216
12620,0.9806999999999999,0.953581814675597,0.962941713,0.9216
12630,0.9806999999999999,0.9532509706946037,0.9620552191999999,0.9216
12640,0.9808,0.9533349356590382,0.9611695415,0.9216
12650,0.9808,0.953187861756386,0.9602846791999999,0.9216
12660,0.9808,0.9530926760807104,0.9596215671,0.9216
12670,0.9809,0.9530401151711914,0.9589589128999999,0.9216
12680,0.9809,0.9532639502214028,0.9587381299000001,0.9216
12690,0.9809,0.9529119717311554,0.9585173977,0.9216
12700,0.9809,0.9531878008486363,0.9587381299000001,0.9216
12710,0.9809,0.9529166875359522,0.9589589128999999,0.9216
12720,0.9809,0.9528868668872841,0.9596215671,0.9216
12730,0.9809,0.9530486951240527,0.9602846791999999,0.9216
12740,0.981,0.9531025090982492,0.9609482495,0.9216
12750,0.981,0.9528166339739074,0.9616122784,0.9216
12760,0.981,0.9528545479383318,0.9620552191999999,0.9216
12770,0.981,0.9529253993660509,0.9624983640000001,0.9216
12780,0.981,0.952901936882491,0.9624983640000001,0.9216
12790,0.981,0.9528761902759775,0.9624983640000001,0.9216
12800,0.9811,0.9528682325056442,0.9622767661,0.9216
12810,0.9811,0.9529531138682861,0.9618337232999999,0.9216
12820,0.9811,0.9529487079082088,0.9613908845,0.9216
12830,0.9812000000000001,0.9530433354731401,0.9609482495,0.9216
12840,0.9812000000000001,0.9525359299517736,0.9605058184,0.9216
12850,0.9812000000000001,0.952965264032681,0.9600635909,0.9216
12860,0.9812000000000001,0.9527409869431019,0.9600635909,0.9216
12870,0.9812000000000001,0.9529056632726146,0.9600635909,0.9216
12880,0.9812000000000001,0.9527923139977589,0.9600635909,0.9216
12890,0.9812000000000001,0.9530962462965996,0.9605058184,0.9216
12900,0.9812000000000001,0.952687489484224,0.9611695415,0.9216
12910,0.9813,0.9533097137205192,0.9616122784,0.9216
12920,0.9813,0.9527174055333104,0.9622767661,0.9216
12930,0.9813,0.9531213846341376,0.962941713,0.9216
12940,0.9814,0.9526252543107665,0.9633852661,0.9216
12950,0.9814,0.952974078279298,0.9636071193,0.9216
12960,0.9814,0.9527660283207783,0.9638290236,0.9216
12970,0.9814,0.9529381162242411,0.9638290236,0.9216
12980,0.9814,0.952656348905973,0.9636071193,0.9216
12990,0.9814,0.9528817522718968,0.963163464,0.9216
13000,0.9814,0.9528416860775758,0.962720013,0.9216
13010,0.9815,0.952965905087931,0.9622767661,0.9216
13020,0.9815,0.9525910599504667,0.9618337232999999,0.9216
13030,0.9815,0.952677142512787,0.9611695415,0.9216
13040,0.9815,0.9524113583799776,0.9609482495,0.9216
13050,0.9815,0.9525499738822031,0.9605058184,0.9216
13060,0.9815,0.9525864138971709,0.9605058184,0.9216
13070,0.9815,0.9523894881413212,0.9602846791999999,0.9216
13080,0.9815999999999999,0.9525265617365104,0.9605058184,0.9216
13090,0.9815999999999999,0.9524349292944103,0.9605058184,0.9216
13100,0.9815999999999999,0.9524293108279055,0.9607270085,0.9216
13110,0.9815999999999999,0.9524635077269967,0.9609482495,0.9216
13120,0.9815999999999999,0.9524634297218831,0.9611695415,0.9216
13130,0.9815999999999999,0.9523836363527618,0.9613908845,0.9216
13140,0.9815999999999999,0.9523138332045165,0.9616122784,0.9216
13150,0.9817,0.9521793344344571,0.9618337232999999,0.9216
13160,0.9817,0.9524437043226044,0.9618337232999999,0.9216
13170,0.9817,0.952029866669035,0.9620552191999999,0.9216
13180,0.9817,0.9522071138058438,0.9622767661,0.9216
13190,0.9817,0.9521777700082946,0.9622767661,0.9216
13200,0.9817,0.9524082175440076,0.9624983640000001,0.9216
13210,0.9817,0.9522307005941545,0.9624983640000001,0.9216
13220,0.9818000000000001,0.9523855696563486,0.962720013,0.9216
13230,0.9818000000000001,0.9522340056679482,0.962941713,0.9216
13240,0.9818000000000001,0.9524694501516048,0.962941713,0.9216
13250,0.9818000000000001,0.9521386474609225,0.963163464,0.9216
13260,0.9818000000000001,0.9523312714327229,0.963163464,0.9216
13270,0.9818000000000001,0.9522781424237473,0.963163464,0.9216
13280,0.9818000000000001,0.9523626378634633,0.962941713,0.9216
13290,0.9819,0.952292824674502,0.962720013,0.9216
13300,0.9819,0.9527843078307151,0.9622767661,0.9216
13310,0.9819,0.9526694957567517,0.9618337232999999,0.9216
13320,0.9819,0.952614917616889,0.9613908845,0.9216
13330,0.9819,0.9526253027755187,0.9609482495,0.9216
13340,0.9819,0.9526364055136926,0.9607270085,0.9216
13350,0.9819,0.9527800527872923,0.9602846791999999,0.9216
13360,0.9819,0.952827008516202,0.9602846791999999,0.9216
13370,0.982,0.9528263086071374,0.9602846791999999,0.9216
13380,0.982,0.9527794893015293,0.9602846791999999,0.9216
13390,0.982,0.9527820196312863,0.9607270085,0.9216
13400,0.982,0.952449036285539,0.9611695415,0.9216
13410,0.982,0.9526397523831187,0.9618337232999999,0.9216
13420,0.982,0.9522482360283931,0.9624983640000001,0.9216
13430,0.982,0.9521921342864128,0.963163464,0.9216
13440,0.9821,0.9519944673105145,0.9636071193,0.9216
13450,0.9821,0.9518658076285528,0.964050979,0.9216
13460,0.9821,0.9513810080670141,0.9644950430999999,0.9216
13470,0.9821,0.95102464368793,0.9644950430999999,0.9216
13480,0.9821,0.9504621599959627,0.9644950430999999,0.9216
13490,0.9821,0.950271830483242,0.9642729855000001,0.9216
13500,0.9821,0.9496866211252513,0.9636071193,0.9216
13510,0.9822,0.9492029985178781,0.962941713,0.9216
13520,0.9822,0.948473326199118,0.9622767661,0.9216
13530,0.9822,0.9481981043885204,0.9613908845,0.9216
13540,0.9822,0.9476901040754884,0.9607270085,0.9216
13550,0.9822,0.9473875019061245,0.9598425536,0.9216
13560,0.9822,0.9470040956118583,0.9594006315,0.9216
13570,0.9822,0.9466808940335427,0.9589589128999999,0.9216
13580,0.9822,0.9464890714943303,0.9589589128999999,0.9216
13590,0.9823000000000001,0.9465465751422343,0.9589589128999999,0.9216
13600,0.9823000000000001,0.9461456025808878,0.9591797468,0.9216
13610,0.9823000000000001,0.9464058335728247,0.9598425536,0.9216
13620,0.9823000000000001,0.9466305194809106,0.9605058184,0.9216
13630,0.9823000000000001,0.9471820300393102,0.9611695415,0.9216
13640,0.9823000000000001,0.9475840553515312,0.9620552191999999,0.9216
13650,0.9823000000000001,0.9480337127375886,0.962720013,0.9216
13660,0.9823000000000001,0.948334970638609,0.9633852661,0.9216
13670,0.9823999999999999,0.9487976304291497,0.964050979,0.9216
13680,0.9823999999999999,0.9492342421059385,0.9644950430999999,0.9216
13690,0.9823999999999999,0.9491428690450174,0.9647171519,0.9216
13700,0.9823999999999999,0.9492454896055893,0.9647171519,0.9216
13710,0.9823999999999999,0.9493081765639052,0.9644950430999999,0.9216
13720,0.9823999999999999,0.9494343587655715,0.9642729855000001,0.9216
13730,0.9823999999999999,0.9494138840535719,0.9638290236,0.9216
13740,0.9825,0.949188069755685,0.963163464,0.9216
13750,0.9825,0.949015622571455,0.962720013,0.9216
13760,0.9825,0.9490419269470021,0.9620552191999999,0.9216
13770,0.9825,0.9488449064417573,0.9616122784,0.9216
13780,0.9825,0.948787000534559,0.9611695415,0.9216
13790,0.9825,0.9485103680578317,0.9607270085,0.9216
13800,0.9825,0.9483344419685276,0.9605058184,0.9216
13810,0.9825,0.9483464564108716,0.9605058184,0.9216
13820,0.9825,0.9485076707018782,0.9605058184,0.9216
13830,0.9826,0.9483452296265561,0.9607270085,0.9216
13840,0.9826,0.9482421018708834,0.9609482495,0.9216
13850,0.9826,0.9482559919975707,0.9611695415,0.9216
13860,0.9826,0.9484145556591725,0.9616122784,0.9216
13870,0.9826,0.948648145501019,0.9620552191999999,0.9216
13880,0.9826,0.9487358683073314,0.9622767661,0.9216
13890,0.9826,0.948733323985841,0.962720013,0.9216
13900,0.9826999999999999,0.9487830036429421,0.963163464,0.9216
13910,0.9826999999999999,0.9490391268638985,0.9633852661,0.9216
13920,0.9826999999999999,0.9493137853750752,0.9636071193,0.9216
13930,0.9826999999999999,0.9493110382266257,0.9638290236,0.9216
13940,0.9826999999999999,0.9494119247515481,0.9638290236,0.9216
13950,0.9826999999999999,0.9495368325403005,0.9638290236,0.9216
13960,0.9826999999999999,0.9493580702955501,0.9638290236,0.9216
13970,0.9826999999999999,0.9490803062583801,0.9638290236,0.9216
13980,0.9828,0.9490734931199181,0.9636071193,0.9216
13990,0.9828,0.9489719534390223,0.9633852661,0.9216
14000,0.9828,0.949030714207887,0.963163464,0.9216
14010,0.9828,0.9489582772467761,0.962941713,0.9216
14020,0.9828,0.9488395273390006,0.9624983640000001,0.9216
14030,0.9828,0.9488650399560239,0.9620552191999999,0.9216
14040,0.9828,0.949034758384254,0.9618337232999999,0.9216
14050,0.9828,0.9491098365820051,0.9613908845,0.9216
14060,0.9828,0.9492455758516691,0.9609482495,0.9216
14070,0.9829000000000001,0.9492594719232652,0.9607270085,0.9216
14080,0.9829000000000001,0.9493593322398389,0.9602846791999999,0.9216
14090,0.9829000000000001,0.949416267368003,0.9600635909,0.9216
14100,0.9829000000000001,0.9497337093536119,0.9600635909,0.9216
14110,0.9829000000000001,0.9496048367097701,0.9600635909,0.9216
14120,0.9829000000000001,0.9496654946536964,0.9600635909,0.9216
14130,0.9829000000000001,0.9497825442790164,0.9602846791999999,0.9216
14140,0.983,0.9499361553066197,0.9605058184,0.9216
14150,0.983,0.9498020448264368,0.9609482495,0.9216
14160,0.983,0.9500434653810854,0.9613908845,0.9216
14170,0.983,0.9497806988007125,0.9620552191999999,0.9216
14180,0.9831,0.9501426630633211,0.962720013,0.9216
14190,0.9831,0.950229410983127,0.963163464,0.9216
14200,0.9831,0.950124090892956,0.9638290236,0.9216
14210,0.9831,0.9500737542198505,0.9642729855000001,0.9216
14220,0.9831,0.950337620160499,0.9647171519,0.9216
14230,0.9831,0.9503373966673386,0.9649393118,0.9216
14240,0.9831,0.9504640531183155,0.9649393118,0.9216
14250,0.9831,0.9504111675502191,0.9649393118,0.9216
14260,0.9831,0.9502832353991506,0.9647171519,0.9216
14270,0.9832,0.9502709284863489,0.9642729855000001,0.9216
14280,0.9832,0.9503525938368932,0.9638290236,0.9216
14290,0.9832,0.950262663941245,0.9633852661,0.9216
14300,0.9832,0.9504600851142876,0.962720013,0.9216
14310,0.9832,0.9505158891844342,0.9620552191999999,0.9216
14320,0.9832,0.9503051302466059,0.9613908845,0.9216
14330,0.9832,0.9504213678037351,0.9607270085,0.9216
14340,0.9832,0.9503364519639526,0.9602846791999999,0.9216
14350,0.9832,0.9503782961630206,0.9600635909,0.9216
14360,0.9833,0.9503814066174384,0.9598425536,0.9216
14370,0.9833,0.9505183201908601,0.9598425536,0.9216
14380,0.9833,0.9506338219655247,0.9598425536,0.9216
14390,0.9834,0.9507488678310431,0.9600635909,0.9216
14400,0.9834,0.95052604985335,0.9605058184,0.9216
14410,0.9834,0.9507587887333463,0.9609482495,0.9216
14420,0.9834,0.9507115736504277,0.9613908845,0.9216
14430,0.9834,0.9509997333774224,0.9620552191999999,0.9216
14440,0.9834,0.9507375586579601,0.962720013,0.9216
14450,0.9834,0.9509433200260344,0.963163464,0.9216
14460,0.9834,0.9507842243410992,0.9636071193,0.9216
14470,0.9834,0.9510801346186973,0.964050979,0.9216
14480,0.9834,0.9509419620316546,0.9642729855000001,0.9216
14490,0.9834999999999999,0.9509259760615575,0.9642729855000001,0.9216
14500,0.9834999999999999,0.9509964116393326,0.9642729855000001,0.9216
14510,0.9834999999999999,0.951463001381292,0.964050979,0.9216
14520,0.9834999999999999,0.9512235617348956,0.9638290236,0.9216
14530,0.9836,0.9513324013157728,0.9636071193,0.9216
14540,0.9836,0.9511490148422495,0.963163464,0.9216
14550,0.9836,0.9513304504882619,0.962720013,0.9216
14560,0.9836,0.9513359006749663,0.9622767661,0.9216
14570,0.9836,0.9513697714636864,0.9620552191999999,0.9216
14580,0.9836,0.95142827885628,0.9616122784,0.9216
14590,0.9836,0.9511983194484231,0.9613908845,0.9216
14600,0.9836,0.951269964036302,0.9611695415,0.9216
14610,0.9837,0.9510902437248443,0.9609482495,0.9216
14620,0.9837,0.9510300784756875,0.9609482495,0.9216
14630,0.9837,0.9508410087088334,0.9609482495,0.9216
14640,0.9837,0.95104001684781,0.9611695415,0.9216
14650,0.9837,0.9508637761831138,0.9613908845,0.9216
14660,0.9837,0.9512064197813342,0.9616122784,0.9216
14670,0.9837,0.950838571551515,0.9618337232999999,0.9216
14680,0.9837,0.9510451909255088,0.9622767661,0.9216
14690,0.9837,0.9505407443933046,0.9624983640000001,0.9216
14700,0.9838,0.9509374940702461,0.962941713,0.9216
14710,0.9838,0.9506507072740715,0.963163464,0.9216
14720,0.9838,0.9511189300914173,0.9633852661,0.9216
14730,0.9838,0.9507690493560252,0.9636071193,0.9216
14740,0.9838,0.9510054389500894,0.9636071193,0.9216
14750,0.9839,0.9510610971038742,0.9638290236,0.9216
14760,0.9839,0.951582909774367,0.9638290236,0.9216
14770,0.9839,0.9511413281185401,0.9638290236,0.9216
14780,0.9839,0.9514302765027972,0.9638290236,0.9216
14790,0.9839,0.9515143286997225,0.9636071193,0.9216
14800,0.9839,0.9516282926742298,0.9636071193,0.9216
14810,0.9839,0.9512400399049782,0.9633852661,0.9216
14820,0.9839,0.9518852308447956,0.963163464,0.9216
14830,0.9839,0.9517028428649256,0.962941713,0.9216
14840,0.9840000000000001,0.9518082297017696,0.962720013,0.9216
14850,0.9840000000000001,0.9518316977089916,0.9624983640000001,0.9216
14860,0.9840000000000001,0.951873284219281,0.9622767661,0.9216
14870,0.9840000000000001,0.9517926510996805,0.9620552191999999,0.9216
14880,0.9840000000000001,0.9519284996883106,0.9618337232999999,0.9216
14890,0.9840000000000001,0.9518557331021996,0.9616122784,0.9216
14900,0.9840000000000001,0.951936768121441,0.9616122784,0.9216
14910,0.9840000000000001,0.9520731484104035,0.9613908845,0.9216
14920,0.9840000000000001,0.9518628504102268,0.9611695415,0.9216
14930,0.9841,0.9522546647798003,0.9611695415,0.9216
14940,0.9841,0.9520229822576488,0.9611695415,0.9216
14950,0.9841,0.9523295233149276,0.9611695415,0.9216
14960,0.9841,0.9520628815109021,0.9611695415,0.9216
14970,0.9841,0.9525727626088404,0.9613908845,0.9216
14980,0.9842,0.9521977411682006,0.9616122784,0.9216
14990,0.9842,0.952351240761735,0.9618337232999999,0.9216
15000,0.9842,0.9522587378364835,0.9622767661,0.9216
15010,0.9842,0.9525561228928773,0.9624983640000001,0.9216
15020,0.9842,0.952162088755012,0.962941713,0.9216
15030,0.9842,0.9526542526826901,0.9633852661,0.9216
15040,0.9842,0.9519896005226102,0.9636071193,0.9216
15050,0.9842,0.9522250954849141,0.964050979,0.9216
15060,0.9842,0.9522469219126126,0.9642729855000001,0.9216
15070,0.9842,0.9521675347843562,0.9644950430999999,0.9216
15080,0.9842,0.9522257834016354,0.9647171519,0.9216
15090,0.9842,0.952429547707335,0.9647171519,0.9216
15100,0.9842,0.9522615932072966,0.9647171519,0.9216
15110,0.9843000000000001,0.9525185782603758,0.9647171519,0.9216
15120,0.9843000000000001,0.952322523152964,0.9644950430999999,0.9216
15130,0.9843000000000001,0.9520002902150406,0.964050979,0.9216
15140,0.9843000000000001,0.9522530530412879,0.9638290236,0.9216
15150,0.9843000000000001,0.9523433470705281,0.9633852661,0.9216
15160,0.9843000000000001,0.9521380368568491,0.962941713,0.9216
15170,0.9843000000000001,0.9519703101008626,0.9622767661,0.9216
15180,0.9843000000000001,0.9522948945442147,0.9618337232999999,0.9216
15190,0.9843000000000001,0.9521629062781074,0.9613908845,0.9216
15200,0.9843000000000001,0.9521640415777508,0.9609482495,0.9216
15210,0.9843000000000001,0.9521115260328269,0.9607270085,0.9216
15220,0.9843000000000001,0.9523084062745388,0.9605058184,0.9216
15230,0.9843000000000001,0.9520931815615397,0.9605058184,0.9216
15240,0.9843000000000001,0.9523090055151323,0.9605058184,0.9216
15250,0.9843000000000001,0.9522906608319164,0.9607270085,0.9216
15260,0.9843999999999999,0.9523641619917078,0.9609482495,0.9216
15270,0.9843999999999999,0.9521100588633433,0.9613908845,0.9216
15280,0.9843999999999999,0.9524247140356785,0.9618337232999999,0.9216
15290,0.9843999999999999,0.9522161634534579,0.9622767661,0.9216
15300,0.9843999999999999,0.9525558603428002,0.962720013,0.9216
15310,0.9843999999999999,0.9523125714240035,0.9633852661,0.9216
15320,0.9843999999999999,0.9523090055151323,0.9638290236,0.9216
15330,0.9843999999999999,0.9522328650392657,0.9644950430999999,0.9216
15340,0.9843999999999999,0.9524760441239939,0.9647171519,0.9216
15350,0.9843999999999999,0.9522102947824909,0.9651615228999999,0.9216
15360,0.9845,0.9524189533586904,0.9653837851,0.9216
15370,0.9845,0.952482364739137,0.9653837851,0.9216
15380,0.9845,0.9525291576874723,0.9653837851,0.9216
15390,0.9845,0.9524761473844618,0.9651615228999999,0.9216
15400,0.9845,0.952561478441233,0.9649393118,0.9216
15410,0.9845,0.9523821418917207,0.9644950430999999,0.9216
15420,0.9845,0.9524648651168195,0.964050979,0.9216
15430,0.9845,0.9528587246133143,0.9633852661,0.9216
15440,0.9845,0.952688035739244,0.962941713,0.9216
15450,0.9845,0.9526662878577234,0.9622767661,0.9216
15460,0.9845,0.9527104648651096,0.9616122784,0.9216
15470,0.9845,0.9528515338328797,0.9611695415,0.9216
15480,0.9845,0.9528770022533896,0.9605058184,0.9216
15490,0.9845,0.9529905126474235,0.9602846791999999,0.9216
15500,0.9845999999999999,0.9528560372162587,0.9598425536,0.9216
15510,0.9845999999999999,0.9532550897417487,0.9598425536,0.9216
15520,0.9845999999999999,0.9532775028006828,0.9598425536,0.9216
15530,0.9845999999999999,0.9532090323346456,0.9598425536,0.9216
15540,0.9845999999999999,0.9529849794800228,0.9600635909,0.9216
15550,0.9845999999999999,0.9533932500468568,0.9605058184,0.9216
15560,0.9845999999999999,0.9534578537671703,0.9609482495,0.9216
15570,0.9845999999999999,0.953240348779969,0.9613908845,0.9216
15580,0.9845999999999999,0.9535115594184691,0.9620552191999999,0.9216
15590,0.9845999999999999,0.953383212741731,0.962720013,0.9216
15600,0.9845999999999999,0.9534256661155363,0.9633852661,0.9216
15610,0.9845999999999999,0.9535713155563817,0.9638290236,0.9216
15620,0.9845999999999999,0.9535730705724258,0.9644950430999999,0.9216
15630,0.9845999999999999,0.9536024324326018,0.9649393118,0.9216
15640,0.9845999999999999,0.9536722332072012,0.9653837851,0.9216
15650,0.9847,0.9537383403280623,0.9658284632,0.9216
15660,0.9847,0.9536099031654653,0.9658284632,0.9216
15670,0.9847,0.9534969173499223,0.966050879,0.9216
15680,0.9847,0.9535043353264542,0.966050879,0.9216
15690,0.9847,0.9534620382999561,0.9658284632,0.9216
15700,0.9847,0.9536681195572332,0.9656060985,0.9216
15710,0.9847,0.9537589289089778,0.9651615228999999,0.9216
15720,0.9847,0.9534159564166026,0.9647171519,0.9216
15730,0.9847,0.9536093608715259,0.9642729855000001,0.9216
15740,0.9847,0.9536995291110248,0.9636071193,0.9216
15750,0.9847,0.9536091459609315,0.963163464,0.9216
15760,0.9847,0.9535206814015809,0.9624983640000001,0.9216
15770,0.9847,0.953532350031914,0.9620552191999999,0.9216
15780,0.9847,0.9535295090366936,0.9613908845,0.9216
15790,0.9847,0.9534418466698441,0.9609482495,0.9216
15800,0.9847,0.9534658827938841,0.9607270085,0.9216
15810,0.9848,0.9533990814720538,0.9605058184,0.9216
15820,0.9848,0.9533735730213956,0.9602846791999999,0.9216
15830,0.9848,0.953643654496247,0.9602846791999999,0.9216
15840,0.9848,0.9534148179316396,0.9605058184,0.9216
15850,0.9848,0.9534070826097726,0.9605058184,0.9216
15860,0.9848,0.9534747059651326,0.9609482495,0.9216
15870,0.9848,0.9534433928294318,0.9611695415,0.9216
15880,0.9848,0.9533933598734008,0.9616122784,0.9216
15890,0.9848,0.9534962208173576,0.9622767661,0.9216
15900,0.9848,0.9533947129000682,0.962720013,0.9216
15910,0.9848,0.9534086171159545,0.963163464,0.9216
15920,0.9848,0.9533982864325181,0.9636071193,0.9216
15930,0.9848,0.9534974103476577,0.964050979,0.9216
15940,0.9848,0.9534339043042086,0.9644950430999999,0.9216
15950,0.9848,0.9536217437227371,0.9649393118,0.9216
15960,0.9849,0.9537258547814933,0.9651615228999999,0.9216
15970,0.9849,0.9536244975273939,0.9651615228999999,0.9216
15980,0.9849,0.9534609837020245,0.9651615228999999,0.9216
15990,0.9849,0.9534367151335519,0.9651615228999999,0.9216
16000,0.9849,0.953627257187716,0.9649393118,0.9216
16010,0.9849,0.9537277756259068,0.9647171519,0.9216
16020,0.9849,0.9536332129351248,0.9642729855000001,0.9216
16030,0.9849,0.9535843145385106,0.964050979,0.9216
16040,0.9849,0.9534845851054975,0.9633852661,0.9216
16050,0.9849,0.9535620210914927,0.962941713,0.9216
16060,0.9849,0.9534333917437324,0.9624983640000001,0.9216
16070,0.9849,0.9536266003620166,0.9618337232999999,0.9216
16080,0.9849,0.9537057834021329,0.9613908845,0.9216
16090,0.9849,0.953684174400221,0.9609482495,0.9216
16100,0.9849,0.9539225795373419,0.9607270085,0.9216
16110,0.9849,0.9539790004211882,0.9605058184,0.9216
16120,0.985,0.9536897656141831,0.9602846791999999,0.9216
16130,0.985,0.9537512060934625,0.9605058184,0.9216
16140,0.985,0.95391917818838,0.9605058184,0.9216
16150,0.985,0.9541192930475434,0.9607270085,0.9216
16160,0.985,0.9537330518280142,0.9611695415,0.9216
16170,0.985,0.9538540789592018,0.9616122784,0.9216
16180,0.985,0.9540781315988776,0.9622767661,0.9216
16190,0.985,0.9539342541034416,0.962720013,0.9216
16200,0.985,0.9538712361389178,0.9633852661,0.9216
16210,0.985,0.9541399060340008,0.9642729855000001,0.9216
16220,0.985,0.9539939375485775,0.9649393118,0.9216
16230,0.985,0.9542317279822201,0.9656060985,0.9216
16240,0.985,0.9542452706241252,0.966050879,0.9216
16250,0.985,0.9542877619023165,0.9667184338,0.9216
16260,0.985,0.9541560207866686,0.9669410546,0.9216
16270,0.985,0.9542747135157342,0.96738645,0.9216
16280,0.985,0.9543196483030874,0.96738645,0.9216
16290,0.9851000000000001,0.9540775074159876,0.96738645,0.9216
16300,0.9851000000000001,0.954164882165253,0.96738645,0.9216
16310,0.9851000000000001,0.9543152669381447,0.9669410546,0.9216
16320,0.9851000000000001,0.9543717801018934,0.9667184338,0.9216
16330,0.9851000000000001,0.9543675939647863,0.966050879,0.9216
16340,0.9851000000000001,0.9543319237978307,0.9653837851,0.9216
16350,0.9851000000000001,0.954156889680329,0.9647171519,0.9216
16360,0.9851000000000001,0.954473957883226,0.964050979,0.9216
16370,0.9851000000000001,0.9542774385932312,0.9633852661,0.9216
16380,0.9851000000000001,0.9540892947971947,0.9624983640000001,0.9216
16390,0.9851000000000001,0.9542915571691384,0.9618337232999999,0.9216
16400,0.9851000000000001,0.9545965672348552,0.9613908845,0.9216
16410,0.9851000000000001,0.9541557182654812,0.9609482495,0.9216
16420,0.9851000000000001,0.9543501306548124,0.9605058184,0.9216
16430,0.9851000000000001,0.9543265561184047,0.9602846791999999,0.9216
16440,0.9851000000000001,0.9543823819063403,0.9600635909,0.9216
16450,0.9852,0.9542848739434131,0.9602846791999999,0.9216
16460,0.9852,0.9544224474739319,0.9602846791999999,0.9216
16470,0.9852,0.9540185367273122,0.9607270085,0.9216
16480,0.9852,0.9542517189599431,0.9611695415,0.9216
16490,0.9852,0.95440704626361,0.9618337232999999,0.9216
16500,0.9852,0.9546964708068901,0.9622767661,0.9216
16510,0.9852,0.9539086666072635,0.963163464,0.9216
16520,0.9852,0.9544854008272082,0.9638290236,0.9216
16530,0.9852,0.9543039396126065,0.9644950430999999,0.9216
16540,0.9852,0.954142635335088,0.9651615228999999,0.9216
16550,0.9852,0.9541571490364966,0.9658284632,0.9216
16560,0.9853000000000001,0.954114861478829,0.9664958643,0.9216
16570,0.9853000000000001,0.9538223764516733,0.9667184338,0.9216
16580,0.9853000000000001,0.9542420046927983,0.9671637267,0.9216
16590,0.9853000000000001,0.9540081869931063,0.96738645,0.9216
16600,0.9853000000000001,0.9544880049055149,0.96738645,0.9216
16610,0.9853000000000001,0.9541052364275312,0.9671637267,0.9216
16620,0.9853000000000001,0.9544067024030367,0.9669410546,0.9216
16630,0.9853000000000001,0.9542526006137468,0.9664958643,0.9216
16640,0.9853000000000001,0.9541563271514041,0.966050879,0.9216
16650,0.9853000000000001,0.9540982608176956,0.9653837851,0.9216
16660,0.9853000000000001,0.9538186727727124,0.9647171519,0.9216
16670,0.9853000000000001,0.9541708925814518,0.964050979,0.9216
16680,0.9853000000000001,0.9542416701028248,0.9633852661,0.9216
16690,0.9853000000000001,0.9542655057442886,0.962720013,0.9216
16700,0.9853000000000001,0.9541674086609261,0.9622767661,0.9216
16710,0.9853000000000001,0.9538518296697571,0.9616122784,0.9216
16720,0.9853000000000001,0.9541338571670775,0.9613908845,0.9216
16730,0.9853000000000001,0.9540725764393941,0.9611695415,0.9216
16740,0.9854,0.9540449256134753,0.9609482495,0.9216
16750,0.9854,0.9540060155081797,0.9609482495,0.9216
16760,0.9854,0.9540068863407736,0.9611695415,0.9216
16770,0.9854,0.9541422523671819,0.9616122784,0.9216
16780,0.9854,0.9540248461569363,0.9620552191999999,0.9216
16790,0.9854,0.953915531553854,0.962720013,0.9216
16800,0.9854,0.9535443438666354,0.9633852661,0.9216
16810,0.9854,0.9539072384973415,0.964050979,0.9216
16820,0.9854,0.9539694619424739,0.9647171519,0.9216
16830,0.9854,0.9540088755676542,0.9656060985,0.9216
16840,0.9854,0.9534225430034438,0.9662733459999999,0.9216
16850,0.9854,0.9537383359954527,0.9667184338,0.9216
16860,0.9854,0.9536862748909902,0.96738645,0.9216
16870,0.9854,0.9535541431551475,0.9676092246,0.9216
16880,0.9854,0.9535532644760116,0.9678320505000001,0.9216
16890,0.9854,0.9530802342602929,0.9678320505000001,0.9216
16900,0.9854999999999999,0.9530584561985157,0.9678320505000001,0.9216
16910,0.9854999999999999,0.9531694121282639,0.96738645,0.9216
16920,0.9854999999999999,0.9529977452177775,0.9669410546,0.9216
16930,0.9854999999999999,0.9528366497511044,0.9664958643,0.9216
16940,0.9854999999999999,0.9528269294614109,0.9658284632,0.9216
16950,0.9854999999999999,0.9529788123956834,0.9649393118,0.9216
16960,0.9854999999999999,0.952891968866199,0.9642729855000001,0.9216
16970,0.9854999999999999,0.9525815870372257,0.9636071193,0.9216
16980,0.9854999999999999,0.952763152387016,0.962941713,0.9216
16990,0.9854999999999999,0.9520752571561358,0.9622767661,0.9216
17000,0.9854999999999999,0.9524129847124948,0.9618337232999999,0.9216
