wavelength,narrow,wide
3000,0.0,0.0
3010,0.0,0.0
3020,0.0,0.0
3030,0.0,0.0
3040,0.0,0.0
3050,0.0,0.0
3060,0.0,0.0
3070,0.0,0.0
3080,0.0,0.0
3090,0.0,0.0
3100,0.0,0.0
3110,0.0,0.0
3120,0.0,0.0
3130,0.0,0.0
3140,0.0,0.0
3150,0.0,0.0
3160,0.0,0.0
3170,0.0,0.0
3180,0.0,0.0
3190,0.0,0.0
3200,0.0,0.0
3210,0.0,0.0
3220,0.0,0.0
3230,0.0,0.0
3240,0.0,0.0
3250,0.0,0.0
3260,0.0,0.0
3270,0.0,0.0
3280,0.0,0.0
3290,0.0,0.0
3300,0.0,0.0
3310,0.0,0.0
3320,0.0,0.0
3330,0.0,0.0
3340,0.0,0.0
3350,0.0,0.0
3360,0.0,0.0
3370,0.0,0.0
3380,0.0,0.0
3390,0.0,0.0
3400,0.0,0.0
3410,0.0,0.0
3420,0.0,0.0
3430,0.0,0.0
3440,0.0,0.0
3450,0.0,0.0
3460,0.0,0.0
3470,0.0,0.0
3480,0.0,0.0
3490,0.0,0.0
3500,0.007044728,0.003855576
3510,0.007900044,0.004401325
3520,0.008976091,0.005126531
3530,0.010031071,0.005834048
3540,0.01119583,0.006652943
3550,0.012296336,0.007427564
3560,0.013661129,0.008418243
3570,0.015086085,0.009481733
3580,0.016111327,0.010299018
3590,0.017743137,0.011570263
3600,0.018797341,0.012428039
3610,0.020302304,0.013633565
3620,0.021863935,0.014933098
3630,0.024432047,0.017070335
3640,0.026059252,0.018493511
3650,0.028461211,0.020547343
3660,0.030219779,0.022145676
3670,0.032645564,0.024294806
3680,0.035575312,0.027016011
3690,0.038112487,0.029331225
3700,0.041172758,0.032206468
3710,0.043465105,0.034457121
3720,0.046745252,0.037602419
3730,0.05150253,0.042169795
3740,0.05547424,0.045985249
3750,0.058731091,0.049242828
3760,0.063276033,0.05360383
3770,0.068667662,0.058791293
3780,0.073790148,0.063762356
3790,0.080542859,0.070262379
3800,0.089130148,0.078847521
3810,0.096251818,0.085803302
3820,0.102865676,0.092322257
3830,0.110369308,0.099646539
3840,0.118399598,0.107586991
3850,0.12555453,0.114647342
3860,0.133299692,0.122213365
3870,0.140818228,0.129735809
3880,0.149225247,0.138137792
3890,0.156425578,0.145372299
3900,0.164687363,0.153507088
3910,0.171221245,0.160202621
3920,0.179046855,0.167861358
3930,0.186468895,0.175423757
3940,0.194460327,0.183538006
3950,0.199691161,0.188690555
3960,0.206737769,0.195895967
3970,0.212873523,0.202107643
3980,0.218411297,0.207652462
3990,0.223221775,0.212608866
4000,0.229512766,0.219049855
4010,0.235742687,0.225531094
4020,0.240584769,0.230453867
4030,0.244985639,0.234889868
4040,0.250047826,0.240115694
4050,0.257291696,0.247454597
4060,0.260774524,0.250721621
4070,0.266307855,0.256513616
4080,0.270863524,0.261195665
4090,0.273011625,0.263237578
4100,0.279694623,0.269940555
4110,0.282456248,0.273096751
4120,0.287079264,0.27770824
4130,0.289613208,0.280327235
4140,0.291563925,0.282184937
4150,0.295467077,0.286237439
4160,0.298640013,0.289712303
4170,0.30537038,0.296501115
4180,0.305752542,0.296593571
4190,0.310157489,0.301138214
4200,0.315137256,0.306136247
4210,0.319635443,0.310731961
4220,0.324719911,0.31593192
4230,0.324606381,0.315657627
4240,0.327812979,0.319132374
4250,0.330349555,0.321515085
4260,0.33370259,0.32495179
4270,0.33671666,0.328054427
4280,0.339479239,0.331019851
4290,0.339047482,0.33046225
4300,0.34057844,0.332055556
4310,0.343281138,0.334834096
4320,0.344417446,0.335877613
4330,0.345609387,0.336935203
4340,0.347473903,0.338742267
4350,0.347779985,0.338963977
4360,0.3510927,0.342487208
4370,0.351456226,0.342762379
4380,0.355172108,0.346583086
4390,0.360757471,0.352622283
4400,0.358255468,0.349825896
4410,0.360730186,0.35225663
4420,0.359808297,0.351231586
4430,0.360806709,0.352304857
4440,0.361251331,0.352703543
4450,0.361630927,0.353223821
4460,0.360796615,0.352373348
4470,0.362892127,0.354137127
4480,0.364094003,0.355584759
4490,0.366510713,0.357956252
4500,0.367824812,0.359244725
4510,0.369025713,0.360497946
4520,0.368795019,0.3601324
4530,0.371221432,0.362795588
4540,0.371282068,0.363007048
4550,0.372605342,0.36394069
4560,0.372656393,0.364099711
4570,0.372534294,0.363753266
4580,0.376402772,0.367718168
4590,0.37797379,0.369132818
4600,0.378238587,0.36933667
4610,0.381246507,0.372409351
4620,0.379661463,0.370651989
4630,0.380694855,0.371946073
4640,0.383302561,0.374402881
4650,0.383622129,0.374741328
4660,0.385631759,0.376656123
4670,0.385442511,0.376163909
4680,0.38804639,0.378886328
4690,0.387122016,0.377793645
4700,0.390240416,0.380986347
4710,0.390938093,0.381503285
4720,0.391992204,0.382490415
4730,0.39367987,0.383954249
4740,0.395892589,0.386135599
4750,0.398502471,0.388700396
4760,0.399188104,0.389195313
4770,0.39852787,0.388504749
4780,0.401295127,0.391127566
4790,0.401684983,0.391961162
4800,0.402674991,0.392794146
4810,0.402166948,0.392165787
4820,0.402508547,0.392412589
4830,0.401526197,0.391327674
4840,0.402207469,0.39203752
4850,0.404561325,0.394259352
4860,0.403816386,0.393584267
4870,0.40429332,0.393812119
4880,0.401532182,0.390823768
4890,0.401361341,0.390302503
4900,0.402416836,0.391244385
4910,0.405769765,0.395101734
4920,0.407433126,0.396829231
4930,0.409680487,0.399142705
4940,0.411723236,0.401220192
4950,0.411495659,0.400658809
4960,0.409818738,0.398824359
4970,0.411695108,0.400583675
4980,0.41390397,0.40273982
4990,0.413742168,0.40211679
5000,0.415094293,0.403488969
5010,0.416813201,0.405166263
5020,0.414615156,0.402771354
5030,0.41409761,0.402069975
5040,0.415981988,0.403974537
5050,0.414488935,0.402103092
5060,0.415575555,0.403099538
5070,0.415762605,0.403226154
5080,0.415089248,0.402464134
5090,0.416800561,0.40403476
5100,0.41596146,0.403011128
5110,0.417081473,0.403943722
5120,0.416442559,0.403060791
5130,0.418531362,0.405057423
5140,0.419327387,0.40578011
5150,0.419611338,0.406067048
5160,0.421627937,0.407921845
5170,0.421133148,0.407163607
5180,0.4218095,0.40759124
5190,0.421894955,0.407510223
5200,0.421489588,0.40715673
5210,0.421063183,0.406671768
5220,0.420780364,0.40611616
5230,0.422088321,0.407416146
5240,0.422645691,0.407801922
5250,0.422806023,0.407671575
5260,0.421827419,0.406267017
5270,0.421766333,0.406047395
5280,0.425517797,0.409782529
5290,0.42821656,0.412431612
5300,0.429379516,0.413261479
5310,0.429272809,0.41306742
5320,0.4284193,0.411830849
5330,0.430960231,0.413990868
5340,0.430589586,0.413340641
5350,0.432931153,0.415777363
5360,0.431918372,0.414452664
5370,0.429189846,0.411373776
5380,0.428128962,0.410432188
5390,0.427104453,0.409092716
5400,0.428218767,0.410086885
5410,0.426893494,0.408795052
5420,0.42738396,0.408993415
5430,0.425336636,0.406756025
5440,0.425955645,0.407115084
5450,0.426877273,0.407837445
5460,0.427598013,0.408426713
5470,0.427692086,0.408183361
5480,0.429310702,0.409642725
5490,0.428931913,0.409087672
5500,0.42948524,0.409264292
5510,0.430461131,0.410004577
5520,0.429552947,0.408911821
5530,0.429930957,0.409158551
5540,0.430539203,0.409629096
5550,0.430193487,0.409068121
5560,0.429531804,0.408200497
5570,0.428438287,0.40695709
5580,0.428083538,0.40641335
5590,0.428410117,0.406571851
5600,0.429127716,0.407183645
5610,0.426952118,0.404829791
5620,0.428471691,0.406108226
5630,0.430584235,0.408056385
5640,0.428449099,0.405532937
5650,0.431045999,0.407770602
5660,0.432703107,0.409387936
5670,0.432472949,0.408816438
5680,0.432846336,0.408939393
5690,0.435643182,0.411551242
5700,0.433323853,0.40914102
5710,0.433448924,0.409152029
5720,0.434039961,0.409650386
5730,0.432023608,0.407537381
5740,0.430857346,0.406074021
5750,0.42881648,0.403788455
5760,0.429056416,0.40406415
5770,0.428097806,0.402908837
5780,0.427387602,0.402098989
5790,0.428727082,0.403361491
5800,0.427191941,0.401644713
5810,0.428141632,0.402455382
5820,0.428071885,0.40222658
5830,0.427143463,0.401212744
5840,0.426887651,0.400821789
5850,0.426470671,0.40012018
5860,0.427779318,0.401380937
5870,0.429157062,0.402748374
5880,0.430177877,0.403486617
5890,0.430697629,0.403806987
5900,0.430503917,0.403468417
5910,0.430353196,0.403293565
5920,0.431510431,0.40431726
5930,0.43088659,0.40374975
5940,0.433256619,0.406015846
5950,0.435401218,0.407972734
5960,0.434630821,0.407102066
5970,0.434380048,0.406769465
5980,0.43638826,0.408706348
5990,0.437723193,0.410046123
6000,0.436416294,0.408530602
6010,0.436197329,0.408319272
6020,0.436717136,0.408941384
6030,0.436320243,0.408630509
6040,0.437403233,0.409481309
6050,0.435815131,0.407855242
6060,0.437817693,0.409870592
6070,0.436347057,0.408494565
6080,0.436960053,0.409198078
6090,0.439679055,0.411772386
6100,0.439676812,0.411627247
6110,0.439947217,0.41200872
6120,0.440264661,0.412153056
6130,0.441318351,0.413256763
6140,0.443156914,0.415200671
6150,0.443265287,0.415358168
6160,0.442622516,0.414594315
6170,0.444007601,0.416027194
6180,0.443381824,0.415571601
6190,0.445303854,0.417541933
6200,0.446921213,0.419257547
6210,0.446094763,0.418620897
6220,0.448244368,0.420669075
6230,0.446250215,0.418530675
6240,0.448327522,0.420723712
6250,0.449310506,0.421692434
6260,0.44923137,0.421872857
6270,0.450191531,0.422751063
6280,0.450990851,0.423540314
6290,0.453896691,0.426399152
6300,0.453932644,0.42653424
6310,0.455042205,0.427724468
6320,0.455952955,0.428557937
6330,0.456803425,0.429654072
6340,0.457559346,0.430510194
6350,0.457427694,0.430397267
6360,0.458537171,0.431680749
6370,0.459173911,0.431982814
6380,0.459516965,0.432534275
6390,0.462474627,0.435635834
6400,0.46606724,0.439584905
6410,0.465606635,0.439123549
6420,0.464106026,0.437707391
6430,0.464185176,0.43785772
6440,0.463145496,0.436858773
6450,0.464380989,0.43836798
6460,0.464013509,0.438238836
6470,0.468264569,0.44272293
6480,0.467192542,0.441442578
6490,0.470034155,0.444675002
6500,0.472158112,0.446839918
6510,0.469493611,0.444101382
6520,0.468309207,0.443143598
6530,0.468958299,0.44377759
6540,0.470951858,0.446203555
6550,0.473986153,0.449339209
6560,0.470693177,0.446142795
6570,0.473556479,0.448921532
6580,0.472566259,0.448030253
6590,0.475720714,0.45106018
6600,0.476013896,0.451901172
6610,0.48014723,0.456022219
6620,0.481760066,0.457573259
6630,0.481452213,0.457839881
6640,0.479725106,0.455558987
6650,0.482789791,0.459123648
6660,0.481474746,0.457590399
6670,0.487095168,0.46373317
6680,0.484419076,0.461039058
6690,0.483622952,0.459873712
6700,0.484803426,0.46149426
6710,0.484077946,0.460951596
6720,0.488186285,0.465636534
6730,0.484502594,0.461279293
6740,0.488682031,0.465645054
6750,0.491174397,0.46856187
6760,0.490536479,0.467629162
6770,0.491300902,0.468810509
6780,0.494565388,0.472418711
6790,0.490311788,0.467759068
6800,0.489061705,0.467080994
6810,0.487228471,0.465599373
6820,0.490929851,0.469661119
6830,0.488584655,0.466621509
6840,0.490409367,0.468911814
6850,0.494527695,0.473035551
6860,0.495948347,0.474570318
6870,0.501356941,0.480069621
6880,0.50129617,0.479831803
6890,0.500508122,0.479007417
6900,0.503725343,0.482372972
6910,0.506726073,0.485767884
6920,0.503869845,0.482461283
6930,0.504965287,0.48388815
6940,0.506660633,0.486117285
6950,0.504769423,0.484152008
6960,0.503839858,0.483214817
6970,0.50522609,0.484767136
6980,0.506458257,0.486213914
6990,0.508110658,0.488290193
7000,0.504331936,0.484031102
7010,0.506058239,0.486151303
7020,0.50729331,0.487707291
7030,0.50742026,0.487937079
7040,0.501589006,0.481317085
7050,0.50615884,0.486898664
7060,0.503999909,0.484656025
7070,0.506920558,0.488003431
7080,0.508537321,0.489673011
7090,0.508545783,0.489449798
7100,0.50797341,0.488575077
7110,0.513756776,0.495187539
7120,0.510859091,0.491854195
7130,0.515433069,0.497344685
7140,0.511132314,0.49246548
7150,0.511551538,0.493091699
7160,0.510817551,0.492172391
7170,0.514622056,0.496431891
7180,0.512927451,0.494268034
7190,0.512419385,0.493798642
7200,0.509728115,0.490834227
7210,0.511383654,0.492900924
7220,0.516702199,0.499388877
7230,0.512499645,0.494541148
7240,0.513293062,0.495609392
7250,0.508508332,0.490147626
7260,0.511072269,0.493482012
7270,0.512330562,0.495102729
7280,0.513844479,0.496976525
7290,0.510658963,0.493193613
7300,0.51382283,0.49683071
7310,0.515274508,0.498420919
7320,0.519293998,0.50318959
7330,0.514307837,0.49732361
7340,0.516288006,0.499794789
7350,0.513128217,0.496210314
7360,0.512897645,0.496089353
7370,0.512760559,0.495940794
7380,0.516274207,0.499932062
7390,0.517025007,0.500731956
7400,0.516953925,0.500661354
7410,0.51642567,0.500194929
7420,0.516242759,0.50031811
7430,0.515473575,0.499641305
7440,0.517072843,0.501643487
7450,0.514708969,0.498903284
7460,0.515129266,0.499576035
7470,0.514406156,0.498753175
7480,0.513211918,0.497379347
7490,0.513847622,0.49812421
7500,0.518985926,0.504159004
7510,0.514766594,0.499110208
7520,0.516082899,0.500697966
7530,0.517547895,0.502377768
7540,0.515050628,0.499358846
7550,0.516085501,0.500527539
7560,0.516164093,0.500739047
7570,0.519752727,0.505238244
7580,0.51534177,0.500215614
7590,0.511960004,0.496202878
7600,0.515429598,0.500085403
7610,0.517064977,0.501705132
7620,0.522892762,0.508426259
7630,0.525310447,0.511310479
7640,0.516851678,0.501384449
7650,0.518153606,0.503092144
7660,0.521453092,0.507019704
7670,0.518189236,0.503273384
7680,0.519202414,0.504477361
7690,0.522625412,0.508550197
7700,0.517981006,0.503248093
7710,0.520461257,0.506464267
7720,0.521069052,0.507412834
7730,0.516366523,0.501914458
7740,0.524589994,0.511848408
7750,0.513123801,0.49834268
7760,0.518587132,0.504947305
7770,0.514864146,0.500393674
7780,0.512799142,0.497733632
7790,0.51695121,0.502450774
7800,0.520110796,0.506148023
7810,0.52111442,0.507508542
7820,0.51446214,0.499968277
7830,0.516381712,0.502461071
7840,0.514236653,0.499893246
7850,0.515967459,0.501829719
7860,0.522394272,0.509333762
7870,0.517621263,0.503511792
7880,0.51850775,0.504580656
7890,0.520740885,0.507304718
7900,0.515989137,0.501692944
7910,0.511764298,0.496608252
7920,0.522094146,0.508701217
7930,0.524700902,0.511620379
7940,0.522129432,0.508396395
7950,0.520747235,0.50662774
7960,0.522720612,0.508876545
7970,0.529657407,0.517121207
7980,0.523833432,0.510211329
7990,0.524874386,0.511518893
8000,0.529799284,0.517448996
8010,0.529258876,0.516834069
8020,0.527587197,0.514932993
8030,0.52434163,0.511071169
8040,0.518813277,0.504448547
8050,0.526637696,0.513811843
8060,0.518174073,0.503916687
8070,0.522737251,0.509498106
8080,0.516954057,0.502779302
8090,0.525736701,0.513273059
8100,0.52908065,0.517168095
8110,0.526522558,0.513911044
8120,0.523734786,0.510515599
8130,0.528816362,0.516609321
8140,0.523847211,0.510845794
8150,0.523756262,0.510927042
8160,0.523470526,0.51072372
8170,0.52542859,0.513012457
8180,0.52475779,0.512086399
8190,0.525783852,0.513184516
8200,0.522691797,0.509399374
8210,0.521405145,0.507858364
8220,0.524977213,0.512150992
8230,0.525467142,0.512772238
8240,0.523372248,0.510242287
8250,0.5226361,0.509358414
8260,0.525701601,0.513029772
8270,0.521992763,0.508619614
8280,0.526581917,0.514074148
8290,0.521656128,0.508134994
8300,0.525830214,0.512961567
8310,0.524133549,0.510766575
8320,0.525545932,0.512450353
8330,0.535178109,0.524034468
8340,0.531170539,0.519429448
8350,0.520568429,0.507020545
8360,0.523418697,0.510599607
8370,0.524494259,0.511864714
8380,0.528936775,0.517006625
8390,0.522815932,0.509518019
8400,0.520081162,0.50620885
8410,0.518689726,0.504629282
8420,0.52614017,0.51366113
8430,0.529287682,0.517470755
8440,0.523615728,0.510725948
8450,0.514663671,0.49998872
8460,0.52297182,0.509792028
8470,0.528800695,0.516313688
8480,0.527989631,0.514907833
8490,0.536922661,0.525163669
8500,0.543463776,0.532631146
8510,0.504085162,0.492103813
8520,0.496639535,0.483503043
8530,0.505098284,0.494306865
8540,0.505663578,0.494384074
8550,0.495337886,0.483119886
8560,0.497197502,0.485820205
8570,0.496145944,0.484678169
8580,0.503876815,0.492316413
8590,0.498516796,0.486670213
8600,0.500606698,0.48916657
8610,0.503505363,0.491762316
8620,0.502768695,0.491021712
8630,0.501690888,0.489810833
8640,0.50124088,0.489770116
8650,0.502393901,0.491104486
8660,0.500676988,0.489387326
8670,0.50270899,0.491309664
8680,0.502801184,0.491313809
8690,0.503127778,0.491998141
8700,0.508514077,0.497336226
8710,0.502387248,0.490983537
8720,0.504837117,0.493472366
8730,0.502953011,0.491686031
8740,0.500859274,0.489356111
8750,0.500712476,0.489354235
8760,0.503370104,0.492060992
8770,0.502959114,0.491535671
8780,0.504456859,0.492913745
8790,0.50598316,0.494592559
8800,0.505273125,0.494042919
8810,0.508061253,0.496661715
8820,0.507606713,0.496091962
8830,0.509011977,0.497447374
8840,0.506911111,0.495253395
8850,0.508477226,0.497032159
8860,0.508606509,0.49714604
8870,0.511172236,0.499670076
8880,0.507783071,0.496350706
8890,0.507681837,0.496378256
8900,0.510984204,0.499656442
8910,0.512608041,0.501482742
8920,0.514845601,0.503754594
8930,0.513536575,0.502421793
8940,0.516206681,0.504981702
8950,0.516579121,0.505566402
8960,0.513834227,0.502864379
8970,0.512385028,0.501370271
8980,0.514780221,0.503665957
8990,0.5141357,0.503099299
9000,0.515244884,0.504141942
9010,0.515802484,0.504723497
9020,0.51601895,0.505267364
9030,0.513165099,0.502374671
9040,0.508015907,0.497188969
9050,0.508983656,0.498008457
9060,0.508202035,0.49747213
9070,0.511835917,0.501373205
9080,0.512682713,0.501866605
9090,0.512644381,0.501710473
9100,0.515512386,0.504447668
9110,0.516271971,0.505197415
9120,0.517398015,0.506359638
9130,0.519224287,0.508267223
9140,0.517957569,0.506870311
9150,0.519125777,0.508007998
9160,0.519682574,0.508631796
9170,0.522081775,0.511143795
9180,0.521132307,0.510173814
9190,0.51957939,0.5085053
9200,0.521285954,0.510093684
9210,0.523302543,0.512251691
9220,0.519850667,0.508929576
9230,0.517569051,0.506465349
9240,0.518620714,0.507355922
9250,0.521008382,0.510058558
9260,0.521141013,0.510128795
9270,0.522115555,0.510939199
9280,0.522702,0.511639401
9290,0.524240495,0.512916069
9300,0.526805104,0.51579765
9310,0.527675833,0.516909823
9320,0.529266093,0.518372271
9330,0.528974091,0.51791357
9340,0.529101015,0.518224362
9350,0.529048363,0.517967852
9360,0.532210892,0.521016888
9370,0.532707205,0.521635782
9380,0.530437053,0.519356639
9390,0.528099347,0.51706834
9400,0.527784963,0.516787169
9410,0.523503302,0.512373412
9420,0.525098232,0.513923783
9430,0.523628926,0.512641382
9440,0.526286058,0.515286137
9450,0.525135973,0.513990106
9460,0.524406675,0.513201788
9470,0.52533267,0.514323525
9480,0.525315579,0.514345808
9490,0.525812869,0.51471169
9500,0.525672938,0.514545911
9510,0.524682794,0.513542092
9520,0.522790238,0.511579602
9530,0.524697656,0.513478506
9540,0.523852821,0.512789157
9550,0.524504319,0.51348864
9560,0.522679717,0.51152021
9570,0.522150928,0.511011099
9580,0.520943392,0.509829377
9590,0.521612695,0.5103986
9600,0.521929871,0.510857154
9610,0.521462723,0.510547155
9620,0.523196447,0.512117596
9630,0.524370854,0.513346854
9640,0.525229844,0.514175854
9650,0.52617148,0.514788083
9660,0.524661067,0.513422448
9670,0.525306382,0.514038308
9680,0.524350238,0.513163634
9690,0.524622704,0.513434584
9700,0.523702008,0.51239858
9710,0.524299071,0.513081899
9720,0.524502352,0.51341704
9730,0.524358862,0.513184388
9740,0.523460976,0.512259538
9750,0.523527523,0.512315868
9760,0.523132012,0.511824525
9770,0.522343666,0.511120864
9780,0.523985842,0.512589828
9790,0.524943799,0.51375688
9800,0.525107901,0.513940083
9810,0.525785218,0.514407734
9820,0.526434348,0.514976117
9830,0.527194384,0.51573373
9840,0.527220718,0.51562876
9850,0.529977829,0.518631035
9860,0.527782202,0.51643546
9870,0.528612371,0.517198191
9880,0.52615952,0.51469399
9890,0.527925346,0.516486712
9900,0.526741435,0.515125697
9910,0.527919597,0.516608859
9920,0.528471768,0.517159843
9930,0.52763503,0.516268049
9940,0.52868972,0.517500594
9950,0.527161235,0.515862437
9960,0.527653556,0.515975178
9970,0.528294756,0.516722621
9980,0.528786889,0.517402437
9990,0.527602653,0.516100781
10000,0.528643572,0.517072862
10010,0.529614713,0.517980918
10020,0.527961317,0.516180089
10030,0.526847652,0.515100413
10040,0.527199077,0.51565185
10050,0.527485888,0.515932838
10060,0.525230793,0.513691739
10070,0.52735635,0.515661668
10080,0.526478359,0.514867996
10090,0.526156794,0.514386429
10100,0.528548788,0.51681676
10110,0.528925516,0.517155711
10120,0.528327214,0.516464406
10130,0.530280728,0.518428354
10140,0.52898656,0.517078111
10150,0.53004378,0.518372223
10160,0.528579596,0.516781958
10170,0.526888684,0.51501696
10180,0.52879447,0.516962746
10190,0.527525293,0.515667451
10200,0.526999138,0.515187065
10210,0.526060792,0.514202323
10220,0.52639275,0.514358995
10230,0.527552487,0.515480622
10240,0.53031155,0.518479723
10250,0.529825049,0.51789149
10260,0.527997447,0.515860256
10270,0.529291422,0.51721527
10280,0.529644354,0.517340694
10290,0.529423042,0.517417682
10300,0.528359647,0.516273177
10310,0.529065825,0.516985083
10320,0.528456454,0.516406917
10330,0.531034565,0.51911249
10340,0.529236032,0.517087444
10350,0.529062196,0.516719396
10360,0.527762889,0.515343934
10370,0.530008917,0.517731067
10380,0.528672212,0.516375157
10390,0.530274798,0.518204694
10400,0.528537205,0.516182532
10410,0.528046664,0.515922527
10420,0.528416645,0.516099997
10430,0.528600128,0.516381422
10440,0.530049471,0.517696661
10450,0.529690608,0.517375476
10460,0.529699471,0.517565178
10470,0.528996495,0.516575914
10480,0.530309541,0.518021666
10490,0.52992904,0.51768411
10500,0.529275797,0.517079767
10510,0.527622763,0.515181172
10520,0.528450371,0.516181822
10530,0.528653061,0.51622998
10540,0.529771339,0.51742056
10550,0.528615049,0.516148565
10560,0.530137895,0.517758002
10570,0.529375791,0.516867116
10580,0.528955983,0.516418071
10590,0.52903694,0.516517254
10600,0.52870957,0.516210766
10610,0.527867051,0.515211797
10620,0.528831625,0.516471052
10630,0.52541051,0.51285767
10640,0.526768731,0.514300005
10650,0.527546988,0.514808893
10660,0.527018239,0.514409879
10670,0.526801213,0.514040461
10680,0.530088281,0.517519894
10690,0.529166185,0.516378402
10700,0.530253443,0.517715092
10710,0.529153667,0.516401471
10720,0.529350806,0.516703785
10730,0.529067885,0.516340461
10740,0.528369208,0.51568042
10750,0.529520504,0.516941711
10760,0.528620393,0.51602966
10770,0.529526582,0.516913407
10780,0.529692912,0.516993885
10790,0.528900309,0.516119025
10800,0.531209652,0.518562013
10810,0.530959672,0.51821714
10820,0.5292453,0.516279559
10830,0.528244955,0.515099554
10840,0.529942301,0.517041882
10850,0.529991746,0.517084166
10860,0.530886397,0.517917323
10870,0.530778432,0.517914881
10880,0.530189124,0.517058432
10890,0.531511002,0.518524811
10900,0.529901338,0.516656846
10910,0.530859205,0.517781897
10920,0.5299795,0.516895452
10930,0.530027206,0.517053406
10940,0.529355065,0.516241182
10950,0.528086867,0.514898521
10960,0.527324125,0.514246974
10970,0.527659344,0.514367055
10980,0.52841354,0.515304655
10990,0.527624735,0.51452256
11000,0.529949846,0.516665619
11010,0.53003381,0.516652672
11020,0.529600867,0.516318736
11030,0.529595834,0.51619412
11040,0.52963603,0.516297314
11050,0.52926582,0.51598142
11060,0.528908625,0.515608135
11070,0.52853253,0.515099764
11080,0.528011738,0.514556836
11090,0.527603297,0.514142584
11100,0.528014071,0.514507185
11110,0.527229476,0.51378948
11120,0.527438633,0.514048446
11130,0.527838901,0.514311631
11140,0.526253625,0.512636179
11150,0.527350128,0.513781457
11160,0.526979401,0.513296147
11170,0.528018012,0.514390953
11180,0.527583437,0.513828151
11190,0.5279481,0.514216121
11200,0.527169381,0.513350352
11210,0.52848729,0.514868275
11220,0.527267146,0.513446116
11230,0.527264768,0.513566621
11240,0.52572235,0.511973522
11250,0.527073837,0.513312675
11260,0.526096785,0.512357758
11270,0.525812401,0.512076141
11280,0.52434937,0.510472596
11290,0.525814534,0.511983358
11300,0.525357405,0.511465243
11310,0.525569212,0.511737415
11320,0.526266163,0.512408389
11330,0.527147175,0.513471967
11340,0.526245114,0.512429541
11350,0.528537546,0.514743145
11360,0.5268545,0.512928147
11370,0.528370938,0.514439284
11380,0.527423857,0.513407414
11390,0.526993149,0.512849649
11400,0.526246177,0.51200334
11410,0.528286664,0.514026943
11420,0.527398342,0.513321844
11430,0.528477914,0.514433167
11440,0.528336652,0.514227552
11450,0.526072601,0.511865585
11460,0.524565376,0.510413832
11470,0.524515093,0.510253393
11480,0.524333418,0.509901026
11490,0.525620857,0.511418119
11500,0.525885279,0.511608057
11510,0.525802367,0.511443404
11520,0.525482454,0.511022663
11530,0.526369617,0.511893066
11540,0.526650071,0.51220451
11550,0.528022919,0.513690152
11560,0.528832894,0.514332174
11570,0.528909525,0.514375377
11580,0.528636294,0.51402488
11590,0.528116761,0.513552265
11600,0.527053987,0.51246289
11610,0.526416182,0.511948192
11620,0.525027515,0.510569112
11630,0.52648363,0.511891522
11640,0.523873974,0.509307283
11650,0.522008974,0.507385277
11660,0.522568026,0.508042491
11670,0.52346748,0.508932903
11680,0.523674352,0.509000635
11690,0.522756362,0.507925908
11700,0.523917583,0.509202733
11710,0.524828007,0.510211119
11720,0.526499288,0.511787037
11730,0.526773847,0.511938726
11740,0.526999561,0.512173627
11750,0.527470026,0.512594
11760,0.527921715,0.513135771
11770,0.525429647,0.510685352
11780,0.526294252,0.511479351
11790,0.524841299,0.509882074
11800,0.523317194,0.508388918
11810,0.521978944,0.507088585
11820,0.522830255,0.507854002
11830,0.522626898,0.507681421
11840,0.524323202,0.509245895
11850,0.523936048,0.508876452
11860,0.525078143,0.510066429
11870,0.525149994,0.510184424
11880,0.525006071,0.509979694
11890,0.52531301,0.510273116
11900,0.523927543,0.508795131
11910,0.524406961,0.509196738
11920,0.523391089,0.508137469
11930,0.524059927,0.508823188
11940,0.523971931,0.508663788
11950,0.522782285,0.507426519
11960,0.524327637,0.508949984
11970,0.525045627,0.509647091
11980,0.524870693,0.509446251
11990,0.524048272,0.508665687
12000,0.525164203,0.509927991
12010,0.519306919,0.504031215
12020,0.518845154,0.503556883
12030,0.518702728,0.503346779
12040,0.517379486,0.502008402
12050,0.518024116,0.50252279
12060,0.517446968,0.501993624
12070,0.516925173,0.501512718
12080,0.518097825,0.502635158
12090,0.518703572,0.503360045
12100,0.518890722,0.503480863
12110,0.520281531,0.504706628
12120,0.519764868,0.504130345
12130,0.519657375,0.504063876
12140,0.521591214,0.505924881
12150,0.522687053,0.506865214
12160,0.523231425,0.507471481
12170,0.522713184,0.50696053
12180,0.522389479,0.506596422
12190,0.523148854,0.50730334
12200,0.521758741,0.505851417
12210,0.522202509,0.506416175
12220,0.52190686,0.506082735
12230,0.523131688,0.507329237
12240,0.522481968,0.506773074
12250,0.522644498,0.506778101
12260,0.523656589,0.507760014
12270,0.523460804,0.507396128
12280,0.524184799,0.508286848
12290,0.523820442,0.507901541
12300,0.524686827,0.508553211
12310,0.525644422,0.509576678
12320,0.525706501,0.509517424
12330,0.524641109,0.508382919
12340,0.525728444,0.50949386
12350,0.525006154,0.508915865
12360,0.524374861,0.508204532
12370,0.525990809,0.509896858
12380,0.525890716,0.509755486
12390,0.526297016,0.510072439
12400,0.525370595,0.509045314
12410,0.525961236,0.509773065
12420,0.525149355,0.509002365
12430,0.524439959,0.508183047
12440,0.524657072,0.508461605
12450,0.524076452,0.507858914
12460,0.521057447,0.504779444
12470,0.520172224,0.50377938
12480,0.520719677,0.504414167
12490,0.520340964,0.503978649
12500,0.51904429,0.502596871
12510,0.519187108,0.502752104
12520,0.519408268,0.502970945
12530,0.519015804,0.502634203
12540,0.517729041,0.501383896
12550,0.518452554,0.502150876
12560,0.518553662,0.502342854
12570,0.516616882,0.500207808
12580,0.51611533,0.499578231
12590,0.516236459,0.499788286
12600,0.516155031,0.499652198
12610,0.516367518,0.499780753
12620,0.516331879,0.499840979
12630,0.514863478,0.498418626
12640,0.514284968,0.497825431
12650,0.51396367,0.497553717
12660,0.51184706,0.495406326
12670,0.510809656,0.494358213
12680,0.511038073,0.494534872
12690,0.513986152,0.497545392
12700,0.51382983,0.497294685
12710,0.5142811,0.497837949
12720,0.513743051,0.497160664
12730,0.515590928,0.498961728
12740,0.515284022,0.498467006
12750,0.514366717,0.497415992
12760,0.514777308,0.498013953
12770,0.515392552,0.498675825
12780,0.515562563,0.498693772
12790,0.516691081,0.499687497
12800,0.515962599,0.498954473
12810,0.517413313,0.500357356
12820,0.519544221,0.502462256
12830,0.517034267,0.499988893
12840,0.517418806,0.500303921
12850,0.517740637,0.500766954
12860,0.519077289,0.502228876
12870,0.518144728,0.501083462
12880,0.516379792,0.499366353
12890,0.516789797,0.499622138
12900,0.518117577,0.501110532
12910,0.516483678,0.499332973
12920,0.516278879,0.499225673
12930,0.518548257,0.501295649
12940,0.518022949,0.50073159
12950,0.517611914,0.500516864
12960,0.518277643,0.500905316
12970,0.519418313,0.502307541
12980,0.518125272,0.500857344
12990,0.516942644,0.499794091
13000,0.51726129,0.499855115
13010,0.517335856,0.500102751
13020,0.515021699,0.497629873
13030,0.514248069,0.496835247
13040,0.514832661,0.497399275
13050,0.515316045,0.497771901
13060,0.514355305,0.496881814
13070,0.512382646,0.494863772
13080,0.513635643,0.496122065
13090,0.51422301,0.496679236
13100,0.515029952,0.49740538
13110,0.516298367,0.498871569
13120,0.515943685,0.498304383
13130,0.514372187,0.49668576
13140,0.516488851,0.498891295
13150,0.517402826,0.499748288
13160,0.517107406,0.49937372
13170,0.519189754,0.501536313
13180,0.516056168,0.4982984
13190,0.517258283,0.499319443
13200,0.517553391,0.499889494
13210,0.517627658,0.499861858
13220,0.517408076,0.49937366
13230,0.517583561,0.499711838
13240,0.519716826,0.501956484
13250,0.519284176,0.501324833
13260,0.520525222,0.502485264
13270,0.521448233,0.503715375
13280,0.521342052,0.50343804
13290,0.521501404,0.503627721
13300,0.519502214,0.501419579
13310,0.519773946,0.501602144
13320,0.519112662,0.501018842
13330,0.520990346,0.502854899
13340,0.520044711,0.50201271
13350,0.52015735,0.502030265
13360,0.517336406,0.499016306
13370,0.521665519,0.50344172
13380,0.519147939,0.50083338
13390,0.519719926,0.50147866
13400,0.520472111,0.502094387
13410,0.520612851,0.502251328
13420,0.520818123,0.502460277
13430,0.519457815,0.500984568
13440,0.522107913,0.503412316
13450,0.52137124,0.50269809
13460,0.520266124,0.501510057
13470,0.523626275,0.504898747
13480,0.52155734,0.502883978
13490,0.522151119,0.503524445
13500,0.521280081,0.502446025
13510,0.521951841,0.503051444
13520,0.521289537,0.502339667
13530,0.522608731,0.503820342
13540,0.520844969,0.502053092
13550,0.519729807,0.500752039
13560,0.520732663,0.501809304
13570,0.519954688,0.501026045
13580,0.520433579,0.501442843
13590,0.521077489,0.502150663
13600,0.5224953,0.503483657
13610,0.522273123,0.50342217
13620,0.523089015,0.503961035
13630,0.523335702,0.504380683
13640,0.524463663,0.50541343
13650,0.526607245,0.50761728
13660,0.526049448,0.506729114
13670,0.525566292,0.506203714
13680,0.527950155,0.508570346
13690,0.527495907,0.508084418
13700,0.529072709,0.509681656
13710,0.527669671,0.508371869
13720,0.52518285,0.505641332
13730,0.522518127,0.502850739
13740,0.523837108,0.504323962
13750,0.523420588,0.503923626
13760,0.522359393,0.502909238
13770,0.522305277,0.502806442
13780,0.52124173,0.501942615
13790,0.522585353,0.503378511
13800,0.518110839,0.499161572
13810,0.519874704,0.500936113
13820,0.51695163,0.497823533
13830,0.515636469,0.496538839
13840,0.516209118,0.497161625
13850,0.51360322,0.494566441
13860,0.51204247,0.49328465
13870,0.513981128,0.494900958
13880,0.512969498,0.493913251
13890,0.511426412,0.492330048
13900,0.514641084,0.495500389
13910,0.514881831,0.495628678
13920,0.514162507,0.495064777
13930,0.514558233,0.495368061
13940,0.51340048,0.494255621
13950,0.512709156,0.493701813
13960,0.512957829,0.493751871
13970,0.513767865,0.494655151
13980,0.513261205,0.494131552
13990,0.512990104,0.493820866
14000,0.510826234,0.491580022
14010,0.511544379,0.492343475
14020,0.510824652,0.491586869
14030,0.510332162,0.491157032
14040,0.509382428,0.490142755
14050,0.51028771,0.490979887
14060,0.508804851,0.489520584
14070,0.509935404,0.49066294
14080,0.509895915,0.490587531
14090,0.507682917,0.48832355
14100,0.504240665,0.485007714
14110,0.507621071,0.488268215
14120,0.505774873,0.486659076
14130,0.505662874,0.486665688
14140,0.506369756,0.487439301
14150,0.505476241,0.486353068
14160,0.503815028,0.484753614
14170,0.503007369,0.483939923
14180,0.503609526,0.484518226
14190,0.503353146,0.484147363
14200,0.501914595,0.482689237
14210,0.50428581,0.484973334
14220,0.504102277,0.484858309
14230,0.503746776,0.484663802
14240,0.505714461,0.486495439
14250,0.506471026,0.48722204
14260,0.504672438,0.485465387
14270,0.504784539,0.485525675
14280,0.503895543,0.484582042
14290,0.504177887,0.484839662
14300,0.505227817,0.48593785
14310,0.502723136,0.48343569
14320,0.502288945,0.483144044
14330,0.501162662,0.481991309
14340,0.503892266,0.484641738
14350,0.501711176,0.482581624
14360,0.501118652,0.482092887
14370,0.505367421,0.486256296
14380,0.505293429,0.485959153
14390,0.503240318,0.483985519
14400,0.504240463,0.485017658
14410,0.506083923,0.486712481
14420,0.503467807,0.484272936
14430,0.508190403,0.48880355
14440,0.50748659,0.488148646
14450,0.506240335,0.48674296
14460,0.510165759,0.490718019
14470,0.507288891,0.487784709
14480,0.508390012,0.488835538
14490,0.507706927,0.488199188
14500,0.508702178,0.489221907
14510,0.506145252,0.486731963
14520,0.506129654,0.486560047
14530,0.508245261,0.48845811
14540,0.504883634,0.485245672
14550,0.504995153,0.485261694
14560,0.504264315,0.484620455
14570,0.507807418,0.488205363
14580,0.505055809,0.485582364
14590,0.507353476,0.48766688
14600,0.505989766,0.486307054
14610,0.508418937,0.488761522
14620,0.509016767,0.489336916
14630,0.508505157,0.488859755
14640,0.507353389,0.487707326
14650,0.508041028,0.488440048
14660,0.508491057,0.488858315
14670,0.508406449,0.488589229
14680,0.507761868,0.488051172
14690,0.508962452,0.489362813
14700,0.51029338,0.490504105
14710,0.509311794,0.489611129
14720,0.508851567,0.489110054
14730,0.50923085,0.489300647
14740,0.511600784,0.491704962
14750,0.511263239,0.491294448
14760,0.511697586,0.491774071
14770,0.509586534,0.489793036
14780,0.508588434,0.488696814
14790,0.506516053,0.486674247
14800,0.510652717,0.490847123
14810,0.513190245,0.493293418
14820,0.510237125,0.490422127
14830,0.514960088,0.495003549
14840,0.514149927,0.494197222
14850,0.511854874,0.492043013
14860,0.511513037,0.491667847
14870,0.510853788,0.491030529
14880,0.507933953,0.488208449
14890,0.510472284,0.490545425
14900,0.512144418,0.492148369
14910,0.510980504,0.491152599
14920,0.509444894,0.489668605
14930,0.511140332,0.4913484
14940,0.509702588,0.489895408
14950,0.511065748,0.491295434
14960,0.511516828,0.491602197
14970,0.511768971,0.491969195
14980,0.509574382,0.489817296
14990,0.510975339,0.491129309
15000,0.51109158,0.491208697
15010,0.508764088,0.488991313
15020,0.513088833,0.493208263
15030,0.514651172,0.494758941
15040,0.512821313,0.492932818
15050,0.512183834,0.492115595
15060,0.50888346,0.488863063
15070,0.513130582,0.493111241
15080,0.514443819,0.494502576
15090,0.512879709,0.492928962
15100,0.515108578,0.495059797
15110,0.511228812,0.491325595
15120,0.513088694,0.493263477
15130,0.515277797,0.495237797
15140,0.513351442,0.49335848
15150,0.512314899,0.492252854
15160,0.51082435,0.490721857
15170,0.51352986,0.493407009
15180,0.511481561,0.491367533
15190,0.5133299,0.493376728
15200,0.514647713,0.49466797
15210,0.51150363,0.491623953
15220,0.511056793,0.491176395
15230,0.512622867,0.492577244
15240,0.511727185,0.491644245
15250,0.512684549,0.492613667
15260,0.512248715,0.492290113
15270,0.512038382,0.492168012
15280,0.512137507,0.492128957
15290,0.514125407,0.494138723
15300,0.512366977,0.492480118
15310,0.512978058,0.492825574
15320,0.512035302,0.491874445
15330,0.514161052,0.49413167
15340,0.514182144,0.494111313
15350,0.512931578,0.492979396
15360,0.5150371,0.495031445
15370,0.51479128,0.494695178
15380,0.511992266,0.491973681
15390,0.512370509,0.4924831
15400,0.516446333,0.496343885
15410,0.515819102,0.49571807
15420,0.513257296,0.493434281
15430,0.513377367,0.493396219
15440,0.51706257,0.497046413
15450,0.514149157,0.494140975
15460,0.516692153,0.496555519
15470,0.512764255,0.492682291
15480,0.517130858,0.497130158
15490,0.511700053,0.491667061
15500,0.516080784,0.495962837
15510,0.514547333,0.494531656
15520,0.517175163,0.497114924
15530,0.513577058,0.493537318
15540,0.512180697,0.492069618
15550,0.514642171,0.494592291
15560,0.513566349,0.493413103
15570,0.514181815,0.49406005
15580,0.514648946,0.494507457
15590,0.516464141,0.49619878
15600,0.513743771,0.493746871
15610,0.51390581,0.493942375
15620,0.516187181,0.496029897
15630,0.516302172,0.496172851
15640,0.517205687,0.496967148
15650,0.516113919,0.496056033
15660,0.520967955,0.500739404
15670,0.516758436,0.4967181
15680,0.517725572,0.497484472
15690,0.515807064,0.495587831
15700,0.518005261,0.497687857
15710,0.518728672,0.498612142
15720,0.52021085,0.499941063
15730,0.519914254,0.499680091
15740,0.51908594,0.498673174
15750,0.518319061,0.498204868
15760,0.517191746,0.497193042
15770,0.520305139,0.500090276
15780,0.519639906,0.499576159
15790,0.520253823,0.499988196
15800,0.519629198,0.499495882
15810,0.52018595,0.499991844
15820,0.51842898,0.498460544
15830,0.518878025,0.498753159
15840,0.517451348,0.497276493
15850,0.519236051,0.499125523
15860,0.518958446,0.498865691
15870,0.517972302,0.497927205
15880,0.517131744,0.497181258
15890,0.520174964,0.499842824
15900,0.518697048,0.49852956
15910,0.517296355,0.497405733
15920,0.521899285,0.501814418
15930,0.521743279,0.501541147
15940,0.519856655,0.499914516
15950,0.520768032,0.50056928
15960,0.521132372,0.501025645
15970,0.520366647,0.500263054
15980,0.52056833,0.500608999
15990,0.521926366,0.502037974
16000,0.519989655,0.50011815
16010,0.520801731,0.500576591
16020,0.52070326,0.500705678
16030,0.521875871,0.501691692
16040,0.522260069,0.502375577
16050,0.51994708,0.499786327
16060,0.520144515,0.500236191
16070,0.521085105,0.501013361
16080,0.517914077,0.49787691
16090,0.516441918,0.496407608
16100,0.518708357,0.498675288
16110,0.520114198,0.500251736
16120,0.52123464,0.501280973
16130,0.520816719,0.500657419
16140,0.521799328,0.501549791
16150,0.520477647,0.500417809
16160,0.523752773,0.503496897
16170,0.523451219,0.5030297
16180,0.523241152,0.503028508
16190,0.521605822,0.50154877
16200,0.522705085,0.50250214
16210,0.525053442,0.505031215
16220,0.525679059,0.505572882
16230,0.526905186,0.50685101
16240,0.52678106,0.506444314
16250,0.523025528,0.502806618
16260,0.525654952,0.505452252
16270,0.52770761,0.507385461
16280,0.526758376,0.506589583
16290,0.524373856,0.5041525
16300,0.530312624,0.51008223
16310,0.524607545,0.504451324
16320,0.52084658,0.500834821
16330,0.526423557,0.506066753
16340,0.525191382,0.505143363
16350,0.525977498,0.505937232
16360,0.522317805,0.502055471
16370,0.523328293,0.503086452
16380,0.526949825,0.50671657
16390,0.524632419,0.504718373
16400,0.524704148,0.504719067
16410,0.524214541,0.504132105
16420,0.523045009,0.502831654
16430,0.522300821,0.502312536
16440,0.523180947,0.503254846
16450,0.519466698,0.499562014
16460,0.521641294,0.501828455
16470,0.526617926,0.506610818
16480,0.525938769,0.506177828
16490,0.525189632,0.505266829
16500,0.525069506,0.505263828
16510,0.521836183,0.501936652
16520,0.528029831,0.508067385
16530,0.525063401,0.504952761
16540,0.52595557,0.506025575
16550,0.526770941,0.506916865
16560,0.530944198,0.510946906
16570,0.527909345,0.507887099
16580,0.528659896,0.508651819
16590,0.527431563,0.507116186
16600,0.530045551,0.509948898
16610,0.529413056,0.509289132
16620,0.532170705,0.511893417
16630,0.53125411,0.511165245
16640,0.5321257,0.51206379
16650,0.532011357,0.512039851
16660,0.531746123,0.511675385
16670,0.531501288,0.511429113
16680,0.528038787,0.508021338
16690,0.530263849,0.510132611
16700,0.52924485,0.509193371
16710,0.52813459,0.508184326
16720,0.52715702,0.507136515
16730,0.527818089,0.50777872
16740,0.530284006,0.510181963
16750,0.529175794,0.509219774
16760,0.528122976,0.508209757
16770,0.527145812,0.507274351
16780,0.528808563,0.508789911
16790,0.531844664,0.511656458
16800,0.531466206,0.511509367
16810,0.533616683,0.513659652
16820,0.530880814,0.51087416
16830,0.533945977,0.513799171
16840,0.532684488,0.512542339
16850,0.531588563,0.511485716
16860,0.53566566,0.515506904
16870,0.536455015,0.516131912
16880,0.53553495,0.515290041
16890,0.539580653,0.519101868
16900,0.533470927,0.513297785
16910,0.536674984,0.516352401
16920,0.531254737,0.511280354
16930,0.536100961,0.515809254
16940,0.533343735,0.513250291
16950,0.53057482,0.510456694
16960,0.535686743,0.515524481
16970,0.531229724,0.511113278
16980,0.532333768,0.512156644
16990,0.532035461,0.511924753
17000,0.530410941,0.510372076
17010,0.533490607,0.51335687
17020,0.53470604,0.514728655
17030,0.534193577,0.514061325
17040,0.535200922,0.515181785
17050,0.535507256,0.515491908
17060,0.535214654,0.515099144
17070,0.53574606,0.515727358
17080,0.535194715,0.515081803
17090,0.535308186,0.515218339
17100,0.535441616,0.515378363
17110,0.53555316,0.515512651
17120,0.535373015,0.515305411
17130,0.535234952,0.515147685
17140,0.535306125,0.515236101
17150,0.535556491,0.515535341
17160,0.534765098,0.514609082
17170,0.535362928,0.51531628
17180,0.535773628,0.515797391
17190,0.536213393,0.516302795
17200,0.535540073,0.515498445
17210,0.536316966,0.516411364
17220,0.536604268,0.516793866
17230,0.536529978,0.516750794
17240,0.535471966,0.515549891
17250,0.535386917,0.515494095
17260,0.535576154,0.515761115
17270,0.536008579,0.516164675
17280,0.536094323,0.516160172
17290,0.537018589,0.517142436
17300,0.537828514,0.517990122
17310,0.537405925,0.517387125
17320,0.537361284,0.517377945
17330,0.537244293,0.517281456
17340,0.537372072,0.517475654
17350,0.537881732,0.518132966
17360,0.537137806,0.517314559
17370,0.535531559,0.515488254
17380,0.53630196,0.516467382
17390,0.53644176,0.516704608
17400,0.537037545,0.517466694
17410,0.536200279,0.516537437
17420,0.536950692,0.517244047
17430,0.537826734,0.518098378
17440,0.538737022,0.518992841
17450,0.539567937,0.519799341
17460,0.540197328,0.520378897
17470,0.540172079,0.520359155
17480,0.540534365,0.520753674
17490,0.54086542,0.521088646
17500,0.540403879,0.520490432
17510,0.540784691,0.520914585
17520,0.542014805,0.522290366
17530,0.541743129,0.521901613
17540,0.542355928,0.522566657
17550,0.542627073,0.522829368
17560,0.542665959,0.522818554
17570,0.542931215,0.523252926
17580,0.542408009,0.522758641
17590,0.541252361,0.52151938
17600,0.540456702,0.520704082
17610,0.539973899,0.520257125
17620,0.540149412,0.52044186
17630,0.539853534,0.520071507
17640,0.54014177,0.520388954
17650,0.541477327,0.521940021
17660,0.541790704,0.52228721
17670,0.542319981,0.522893858
17680,0.542405481,0.522973196
17690,0.54230583,0.522834793
17700,0.542261836,0.522777789
17710,0.542093205,0.522573936
17720,0.542939372,0.523519905
17730,0.543238086,0.523820769
17740,0.544075789,0.524756921
17750,0.544294214,0.524993549
17760,0.543957904,0.52459478
17770,0.543765571,0.524349488
17780,0.543914106,0.524460993
17790,0.54449476,0.525077781
17800,0.544437659,0.524942908
17810,0.545110156,0.52566787
17820,0.546236674,0.527038736
17830,0.546236086,0.527080868
17840,0.54574356,0.526542851
17850,0.544859993,0.525543834
17860,0.544984555,0.525733425
17870,0.544963401,0.525706744
17880,0.545053985,0.525806504
17890,0.545731156,0.526554169
17900,0.545569451,0.526312653
17910,0.54512906,0.525749312
17920,0.545333784,0.525938275
17930,0.546228273,0.526940387
17940,0.546149799,0.526818414
17950,0.545883215,0.52648443
17960,0.546480588,0.527168957
17970,0.546403839,0.527134195
17980,0.546135543,0.526873568
17990,0.545668629,0.526378746
18000,0.54513795,0.525808757
18010,0.545503507,0.526295426
18020,0.545518389,0.526155445
18030,0.546393725,0.52702314
18040,0.547600879,0.528281887
18050,0.547993512,0.528594768
18060,0.548906276,0.529522534
18070,0.549071264,0.529731322
18080,0.5483855,0.528937032
18090,0.54800985,0.528508443
18100,0.548427008,0.529014438
18110,0.54786557,0.528366822
18120,0.548338415,0.528836796
18130,0.549179504,0.529740837
18140,0.549493622,0.530023599
18150,0.549575259,0.530032264
18160,0.549847158,0.530265184
18170,0.549608688,0.530086677
18180,0.549946585,0.530587717
18190,0.549109676,0.529703564
18200,0.548527379,0.529119584
18210,0.548485493,0.529161636
18220,0.549043107,0.529605342
18230,0.550058539,0.530588553
18240,0.55084109,0.531312968
18250,0.552002571,0.532484332
18260,0.5533359,0.533858126
18270,0.55150748,0.531860939
18280,0.552310581,0.532966196
18290,0.550278155,0.53072802
18300,0.550383172,0.531009898
18310,0.549919643,0.530621401
18320,0.549926279,0.53062371
18330,0.549671262,0.530317464
18340,0.549831174,0.53050052
18350,0.550795849,0.53163281
18360,0.55078998,0.53162036
18370,0.550972919,0.531793478
18380,0.551550506,0.532423247
18390,0.551703282,0.532551818
18400,0.552153504,0.533031308
18410,0.55329587,0.53432764
18420,0.552884335,0.533828954
18430,0.552030317,0.532823971
18440,0.551508491,0.532211106
18450,0.551325698,0.531998184
18460,0.552982833,0.533955899
18470,0.55370435,0.534753393
18480,0.554208414,0.535294257
18490,0.554009518,0.535005313
18500,0.553553756,0.53441334
18510,0.555208302,0.536312012
18520,0.555268782,0.536387941
18530,0.555185321,0.536293927
18540,0.554207254,0.53514393
18550,0.554797576,0.535845221
18560,0.554943345,0.536012843
18570,0.554870972,0.53589902
18580,0.554122521,0.53498732
18590,0.555721405,0.53686014
18600,0.554931718,0.535916101
18610,0.555566736,0.536653944
18620,0.554929354,0.535846896
18630,0.556412504,0.537543009
18640,0.555996424,0.536997007
18650,0.556423219,0.537446074
18660,0.557749278,0.538957014
18670,0.557081913,0.538240761
18680,0.557705335,0.539048997
18690,0.557963143,0.539425595
18700,0.556680554,0.537982306
18710,0.556358303,0.537673526
18720,0.556568956,0.537923011
18730,0.556248804,0.537545504
18740,0.556153374,0.537433447
18750,0.556468525,0.537795988
18760,0.556009271,0.537237572
18770,0.558056251,0.539566103
18780,0.557154779,0.53842668
18790,0.559103942,0.540656545
18800,0.559012691,0.540475473
18810,0.55928918,0.540728968
18820,0.559837663,0.541349134
18830,0.560424954,0.542015251
18840,0.559859614,0.54131903
18850,0.559969643,0.541421032
18860,0.55961029,0.540968399
18870,0.56038211,0.541863797
18880,0.560451039,0.541928608
18890,0.56199961,0.543742606
18900,0.56073809,0.542234547
18910,0.560663105,0.542129266
18920,0.560460821,0.541874646
18930,0.55955507,0.540788985
18940,0.55994421,0.541233137
18950,0.559899621,0.541164915
18960,0.560873943,0.54230055
18970,0.560892341,0.542307662
18980,0.561170663,0.542621944
18990,0.560360346,0.541654826
19000,0.561743985,0.543292112
19010,0.561605613,0.543130725
19020,0.56174365,0.543385022
19030,0.561155148,0.542780387
19040,0.560925295,0.542599723
19050,0.559259293,0.540721443
19060,0.558621051,0.540058009
19070,0.559953511,0.541537267
19080,0.559992191,0.541487414
19090,0.560397011,0.54187026
19100,0.561788558,0.543419389
19110,0.561093122,0.542501625
19120,0.561350056,0.542851789
19130,0.56144502,0.542997402
19140,0.561257688,0.542805704
19150,0.561793242,0.5434686
19160,0.562330656,0.54413391
19170,0.561978075,0.543614859
19180,0.563610597,0.545449555
19190,0.563240216,0.544926047
19200,0.563883342,0.545601097
19210,0.565007431,0.546845024
19220,0.565454839,0.547335906
19230,0.563540034,0.545033178
19240,0.564707456,0.54637514
19250,0.564028106,0.5455336
19260,0.565872995,0.547676885
19270,0.566507258,0.54821263
19280,0.566915627,0.548481046
19290,0.569011898,0.550745464
19300,0.569663836,0.551301298
19310,0.570955801,0.552613954
19320,0.57052498,0.552269168
19330,0.569661299,0.551412151
19340,0.568020582,0.549633131
19350,0.568761131,0.550656625
19360,0.566845687,0.548537967
19370,0.566649516,0.548368032
19380,0.567540367,0.549493316
19390,0.567259404,0.54923225
19400,0.566761192,0.548714079
19410,0.566083409,0.547983432
19420,0.567018839,0.549037973
19430,0.565655512,0.54737271
19440,0.568344134,0.550501729
19450,0.567908139,0.549933139
19460,0.568284038,0.550325549
19470,0.568234305,0.550282979
19480,0.566505435,0.5482536
19490,0.568076783,0.550129126
19500,0.567754931,0.549764489
19510,0.567390683,0.549349709
19520,0.566348822,0.548167978
19530,0.5667801,0.548729195
19540,0.567346407,0.549450433
19550,0.566692158,0.548727116
19560,0.566939531,0.549070931
19570,0.566960681,0.549007457
19580,0.567681908,0.549772547
19590,0.56822752,0.550315485
19600,0.567914944,0.54983991
19610,0.569066495,0.551099351
19620,0.569905702,0.551989494
19630,0.570457569,0.552539451
19640,0.570315857,0.552268353
19650,0.570980224,0.552951321
19660,0.571915481,0.553954913
19670,0.571348547,0.553307249
19680,0.571263375,0.55322986
19690,0.570488573,0.552336299
19700,0.571108011,0.553092811
19710,0.570926119,0.552900936
19720,0.571921551,0.554080228
19730,0.570689932,0.552657716
19740,0.571412673,0.553548846
19750,0.570403917,0.552337068
19760,0.571437599,0.553510609
19770,0.571930523,0.554059513
19780,0.572027612,0.554108381
19790,0.571546484,0.553535789
19800,0.571660734,0.553668008
19810,0.571569751,0.553557288
19820,0.572039011,0.55413003
19830,0.571504164,0.553514071
19840,0.571896925,0.553996265
19850,0.572269544,0.554454712
19860,0.572382465,0.554605686
19870,0.571131538,0.553086245
19880,0.572545091,0.554721309
19890,0.573211361,0.555471854
19900,0.57365427,0.555957913
19910,0.573599585,0.55585458
19920,0.573233981,0.555493537
19930,0.572272132,0.554426374
19940,0.572818002,0.555144758
19950,0.573057263,0.555500192
19960,0.572388335,0.554779705
